{"type": "FeatureCollection", "features": [{"type": "Feature", "properties": {"WADMKK": "Kota Pontianak"}, "geometry": {"type": "Polygon", "coordinates": [[[109.2741676, -0.0298708], [109.2817778, -0.0423889], [109.2820175, -0.0426144], [109.2823883, -0.0432466], [109.2824075, -0.0433642], [109.2837928, -0.0419721], [109.2844354, -0.0414061], [109.2847768, -0.0410838], [109.2854654, -0.0418774], [109.2912339, -0.0479454], [109.2928786, -0.0494856], [109.2954541, -0.0519818], [109.2969562, -0.0536265], [109.2967851, -0.0537501], [109.2976312, -0.0546628], [109.2988322, -0.0559363], [109.2993805, -0.0565177], [109.3010491, -0.0583858], [109.3020901, -0.0596693], [109.3022279, -0.0598262], [109.3022574, -0.0599481], [109.3021762, -0.0600297], [109.3021447, -0.0600409], [109.3020909, -0.0601048], [109.3027708, -0.0610007], [109.3028551, -0.0611401], [109.3029897, -0.0612932], [109.3030176, -0.0613191], [109.3031603, -0.0614871], [109.3030844, -0.0615552], [109.3030177, -0.0615507], [109.3028158, -0.0617142], [109.3027943, -0.0617138], [109.3026567, -0.0618154], [109.3027397, -0.0619222], [109.3035489, -0.0629014], [109.3035057, -0.062943], [109.3038028, -0.063297], [109.3038142, -0.0633093], [109.303901, -0.0632202], [109.3039174, -0.0632362], [109.3039418, -0.06326], [109.3040054, -0.063322], [109.3044946, -0.0636438], [109.3045361, -0.0637234], [109.3049351, -0.0640178], [109.3053255, -0.0642953], [109.3052846, -0.0643656], [109.3055087, -0.0645136], [109.3052998, -0.064778], [109.3061783, -0.0654232], [109.3058331, -0.065886], [109.3054797, -0.0663854], [109.30574, -0.0665836], [109.3054372, -0.0668934], [109.3053554, -0.06683], [109.3052578, -0.0669674], [109.3053089, -0.0670067], [109.305153, -0.0671676], [109.3050995, -0.0671251], [109.304986, -0.0672429], [109.3050482, -0.0672933], [109.304738, -0.0676115], [109.3055505, -0.0686349], [109.3055934, -0.0687063], [109.3052043, -0.0691588], [109.3066775, -0.0701559], [109.3078647, -0.0709735], [109.3072989, -0.071628], [109.3078743, -0.0721731], [109.3078029, -0.0723348], [109.3075147, -0.0730326], [109.3071244, -0.0741664], [109.3067034, -0.0752978], [109.3064932, -0.0758295], [109.3065801, -0.0762906], [109.3065942, -0.0767611], [109.3066128, -0.0772192], [109.3078922, -0.0779615], [109.3107796, -0.07969], [109.3108333, -0.0797222], [109.3202778, -0.0852778], [109.3206711, -0.0857694], [109.3224725, -0.0880212], [109.3225, -0.0880556], [109.322213, -0.090812], [109.3220872, -0.0922036], [109.3219826, -0.0941803], [109.3295691, -0.0948928], [109.3336111, -0.0952778], [109.3358541, -0.0950771], [109.3372231, -0.0950771], [109.3380013, -0.095006], [109.3429523, -0.0981948], [109.3434103, -0.0976464], [109.3453547, -0.0950914], [109.3457895, -0.0944185], [109.3468384, -0.0926226], [109.3476632, -0.0912256], [109.3480241, -0.0906143], [109.3486415, -0.0896007], [109.3503423, -0.0869972], [109.3523262, -0.0839272], [109.3540143, -0.0814739], [109.354886, -0.0802671], [109.3549645, -0.0801569], [109.3550382, -0.0800433], [109.3554734, -0.0793574], [109.356482, -0.0775941], [109.3578695, -0.0752683], [109.3593585, -0.0728458], [109.3609939, -0.070362], [109.3614586, -0.0695875], [109.361472, -0.0695652], [109.3615186, -0.0694875], [109.3615413, -0.0694463], [109.3626025, -0.0675195], [109.3633345, -0.0660554], [109.3642757, -0.0639162], [109.3648557, -0.0626993], [109.3656768, -0.0609347], [109.3660333, -0.060186], [109.3668818, -0.0594587], [109.3688871, -0.0577676], [109.3690209, -0.0576547], [109.3711601, -0.0605996], [109.3721512, -0.0619472], [109.3727454, -0.0626365], [109.3728214, -0.0627078], [109.3728927, -0.0627838], [109.373014, -0.0626725], [109.3730252, -0.0626828], [109.3736081, -0.0621553], [109.3756858, -0.0604779], [109.3771061, -0.0593951], [109.3781823, -0.0586108], [109.379165, -0.0579008], [109.3850615, -0.0534934], [109.3849499, -0.0533736], [109.385, -0.0533333], [109.3827939, -0.0502926], [109.3853475, -0.0483388], [109.385312, -0.0482918], [109.3832415, -0.0455524], [109.3826096, -0.0445867], [109.3807742, -0.041782], [109.379931, -0.0404682], [109.3796015, -0.0398511], [109.3793912, -0.0398332], [109.3792735, -0.0397085], [109.3785355, -0.0389598], [109.3785278, -0.0388552], [109.3785829, -0.0387652], [109.3788427, -0.0383412], [109.3794268, -0.0372837], [109.3793626, -0.0370342], [109.3795801, -0.0366741], [109.3797405, -0.036421], [109.3799877, -0.0363718], [109.3798499, -0.0358204], [109.3798406, -0.0356332], [109.3798019, -0.0354817], [109.3796694, -0.0351452], [109.3795458, -0.0346794], [109.3793739, -0.0342816], [109.37906, -0.0336908], [109.3789501, -0.0334502], [109.3788401, -0.0331204], [109.3787213, -0.0327846], [109.3790362, -0.0326955], [109.379464, -0.0325886], [109.3795383, -0.032541], [109.379721, -0.0323912], [109.3803611, -0.0318056], [109.3806111, -0.0315556], [109.3810254, -0.0313242], [109.3812778, -0.031], [109.381584, -0.0307835], [109.3818611, -0.0304167], [109.3820556, -0.0299444], [109.3821187, -0.0299219], [109.3821667, -0.0295556], [109.3825079, -0.028604], [109.3823594, -0.0285683], [109.382849, -0.0267905], [109.3828966, -0.0266063], [109.3831516, -0.0251057], [109.3819197, -0.0248593], [109.3795667, -0.0244078], [109.3779504, -0.0237898], [109.3760728, -0.0231005], [109.3767856, -0.0219637], [109.3770102, -0.0210272], [109.3769805, -0.0205935], [109.3770388, -0.020193], [109.376996, -0.0197081], [109.3771433, -0.0193611], [109.3774143, -0.0187003], [109.3777233, -0.0182773], [109.3779372, -0.0178589], [109.377961, -0.0174692], [109.3780323, -0.0169415], [109.3781368, -0.0165755], [109.3787833, -0.0161381], [109.3788261, -0.015948], [109.3786217, -0.0156866], [109.3783745, -0.0155297], [109.3779134, -0.0154726], [109.3776377, -0.0153966], [109.3775569, -0.0152112], [109.3778088, -0.0150115], [109.3779657, -0.0148975], [109.3785789, -0.0146265], [109.37875, -0.0144221], [109.378964, -0.0140798], [109.379002, -0.0136092], [109.3788974, -0.0134571], [109.378655, -0.0134286], [109.378346, -0.0135142], [109.3778232, -0.0138454], [109.3777277, -0.0138697], [109.3776633, -0.0138402], [109.3775828, -0.0136846], [109.3776044, -0.0135855], [109.3780691, -0.0131897], [109.3782023, -0.0130387], [109.3784541, -0.0126906], [109.3784506, -0.0123305], [109.3783353, -0.0121796], [109.3778077, -0.0122271], [109.3774511, -0.0123174], [109.3773798, -0.0120275], [109.3775842, -0.0115046], [109.3777211, -0.0112821], [109.3779954, -0.0110605], [109.3779208, -0.010802], [109.3778685, -0.0105358], [109.3778637, -0.0101508], [109.3778257, -0.0095661], [109.3778115, -0.0089671], [109.3777259, -0.0087675], [109.3774549, -0.0079593], [109.3774472, -0.0078927], [109.3774427, -0.0078892], [109.3774307, -0.0078906], [109.377407, -0.0078033], [109.3773748, -0.0077191], [109.3772344, -0.0073863], [109.3770468, -0.006782], [109.3769079, -0.0063523], [109.3768599, -0.0062759], [109.3768036, -0.0062057], [109.3767392, -0.0061432], [109.3765984, -0.0060309], [109.3765378, -0.0059648], [109.3764821, -0.0058938], [109.3764461, -0.0058115], [109.3764169, -0.0057261], [109.3763555, -0.005462], [109.3763317, -0.0053752], [109.3762582, -0.0052102], [109.3760494, -0.0048099], [109.3757244, -0.0042679], [109.375691, -0.0041849], [109.3756792, -0.004096], [109.3756943, -0.0040083], [109.3757328, -0.0039274], [109.3758387, -0.0037814], [109.3758771, -0.0037014], [109.3758822, -0.0036113], [109.3758846, -0.0034657], [109.3758402, -0.003323], [109.3757609, -0.0031426], [109.3757456, -0.0030881], [109.3757456, -0.0030182], [109.3757595, -0.0029846], [109.3757929, -0.002944], [109.3758917, -0.0028677], [109.3759674, -0.0027941], [109.3759947, -0.0027328], [109.3760051, -0.0026704], [109.375974, -0.0025862], [109.3759254, -0.0025107], [109.3758577, -0.0024525], [109.3757837, -0.0024013], [109.3756283, -0.0023105], [109.3754667, -0.0022319], [109.3752916, -0.0021913], [109.3752031, -0.0021769], [109.3750243, -0.0021588], [109.3749358, -0.0021454], [109.3748501, -0.0021186], [109.3747668, -0.002085], [109.3746874, -0.0020428], [109.3746115, -0.0019955], [109.3738221, -0.0012565], [109.3736165, -0.0010811], [109.3734182, -0.0008974], [109.3732969, -0.0007641], [109.3732508, -0.0006868], [109.3732089, -0.0006069], [109.373172, -0.0005245], [109.373143, -0.0004391], [109.3730706, -0.0001778], [109.373022, 7.18e-05], [109.3729981, 0.000342], [109.3729593, 0.0004221], [109.3728963, 0.0004847], [109.3728196, 0.0005317], [109.3727507, 0.0005883], [109.3726979, 0.0006603], [109.3726209, 0.0008238], [109.3725903, 0.0009085], [109.3724879, 0.0012553], [109.3723913, 0.0014072], [109.3722877, 0.0015443], [109.3722597, 0.0017229], [109.3722108, 0.0018969], [109.3721685, 0.0020724], [109.3721455, 0.0022517], [109.3720933, 0.0027918], [109.3720682, 0.0029708], [109.3720285, 0.0031471], [109.3719757, 0.00332], [109.3719148, 0.0034901], [109.3718455, 0.0036569], [109.3717671, 0.0038196], [109.3717186, 0.0039931], [109.3716922, 0.0041721], [109.371671, 0.0043516], [109.3716052, 0.0047071], [109.3715607, 0.005066], [109.3715275, 0.0052438], [109.3714828, 0.0054189], [109.3713289, 0.0061255], [109.3713044, 0.0063047], [109.3712868, 0.0064846], [109.3712643, 0.006664], [109.3712291, 0.0068404], [109.3711297, 0.0069895], [109.3708403, 0.0072002], [109.370784, 0.0073701], [109.3707283, 0.0079097], [109.3707042, 0.0080889], [109.370667, 0.0082657], [109.3706209, 0.0084404], [109.3705734, 0.0086148], [109.3705164, 0.0087863], [109.3704513, 0.0089548], [109.3703658, 0.0091123], [109.3701986, 0.0091609], [109.3700189, 0.0091596], [109.3698471, 0.0091989], [109.3697117, 0.0093173], [109.3695706, 0.0094284], [109.3694128, 0.0095149], [109.3693578, 0.009676], [109.3694532, 0.0098261], [109.3695639, 0.0099676], [109.3696069, 0.010141], [109.3695992, 0.0103215], [109.3695851, 0.0105016], [109.3696127, 0.0106792], [109.3696883, 0.0108431], [109.3697431, 0.0110149], [109.3698665, 0.011543], [109.3699002, 0.0117207], [109.3699193, 0.0119003], [109.3699181, 0.0120811], [109.3698722, 0.0122545], [109.3698467, 0.0124318], [109.3699285, 0.0125907], [109.3700339, 0.0127371], [109.3701097, 0.0129004], [109.3702259, 0.0132427], [109.3702917, 0.0134109], [109.3703681, 0.0135745], [109.3704524, 0.0137341], [109.3705297, 0.0138974], [109.3705801, 0.0140689], [109.3704971, 0.0142137], [109.3703383, 0.0142979], [109.3702191, 0.0144233], [109.3702203, 0.0146013], [109.370293, 0.0147661], [109.3703359, 0.0149397], [109.370325, 0.0153012], [109.3703084, 0.0154812], [109.3702725, 0.0156584], [109.3702313, 0.0158344], [109.3702081, 0.0160134], [109.3702343, 0.0161905], [109.3703115, 0.016353], [109.3704059, 0.0165069], [109.3704908, 0.0166663], [109.3705658, 0.0168305], [109.3706273, 0.0170004], [109.3706741, 0.0171748], [109.3706925, 0.0173544], [109.3706906, 0.0177162], [109.3706797, 0.0180777], [109.3706406, 0.0182533], [109.3705487, 0.0184077], [109.3704869, 0.0185751], [109.3704969, 0.0187543], [109.3705982, 0.0189017], [109.3707083, 0.0190441], [109.3707731, 0.0192122], [109.3708037, 0.0193903], [109.3708578, 0.0197479], [109.3709194, 0.0202869], [109.3709333, 0.020467], [109.3709799, 0.0206413], [109.3710169, 0.0208169], [109.370967, 0.0209858], [109.3708205, 0.0210841], [109.3706487, 0.0211354], [109.3704911, 0.0212146], [109.3685986, 0.021837], [109.3653292, 0.022765], [109.3619028, 0.0240499], [109.3571058, 0.0258202], [109.3521819, 0.0269911], [109.3484619, 0.0279787], [109.3336119, 0.0319211], [109.3213982, 0.0349248], [109.3097594, 0.0377872], [109.3087415, 0.0381168], [109.3075042, 0.0365847], [109.3069516, 0.0362024], [109.3064506, 0.0357025], [109.3042403, 0.0347293], [109.30347, 0.0338443], [109.2994279, 0.0322397], [109.2983288, 0.0309507], [109.2979084, 0.0302325], [109.2976719, 0.0297053], [109.2968118, 0.0271588], [109.2960776, 0.0252037], [109.2956724, 0.024062], [109.2951035, 0.0221229], [109.2941818, 0.0187902], [109.2927546, 0.0148399], [109.2920294, 0.0127309], [109.2904892, 0.0084894], [109.2872372, 0.0059046], [109.2872431, 0.0058348], [109.287219, 0.0052928], [109.2872127, 0.0052026], [109.287164, 0.0047531], [109.2869677, 0.0033198], [109.2869032, 0.0026901], [109.2867996, 0.0018829], [109.2867818, 0.0017943], [109.2867727, 0.0017044], [109.2867781, 0.0016144], [109.2867974, 0.0014346], [109.2868389, 0.0012588], [109.2868574, 0.001079], [109.2868597, 0.0008078], [109.2868372, 0.0005375], [109.2867826, 0.0001802], [109.2867711, 0], [109.2865973, -0.0016183], [109.2865473, -0.00234], [109.2865525, -0.0034251], [109.2865934, -0.0040568], [109.286891, -0.005932], [109.2870362, -0.0061501], [109.2870704, -0.0062792], [109.2870619, -0.0064341], [109.2870678, -0.0067275], [109.2870394, -0.0074126], [109.2869764, -0.0079056], [109.2869507, -0.0083359], [109.286908, -0.0085941], [109.2869251, -0.008749], [109.2868994, -0.0089727], [109.2867274, -0.0094967], [109.2864207, -0.010255], [109.286207, -0.0108832], [109.2857027, -0.0120879], [109.2856343, -0.0123633], [109.2856498, -0.0126656], [109.2857454, -0.013112], [109.2858394, -0.013439], [109.2858907, -0.0136542], [109.2859078, -0.0138263], [109.2859078, -0.0141361], [109.2856599, -0.0152462], [109.2855317, -0.0157884], [109.2854719, -0.01621], [109.2853949, -0.0165112], [109.2853522, -0.0167264], [109.2853607, -0.0168899], [109.2853865, -0.0170974], [109.2854202, -0.0172678], [109.2855062, -0.0175185], [109.2856343, -0.0180681], [109.2856428, -0.0182065], [109.285693, -0.0184926], [109.2840229, -0.0191278], [109.2831696, -0.0194969], [109.2824637, -0.0198748], [109.2819788, -0.0201957], [109.2816028, -0.0204718], [109.2810977, -0.0209085], [109.2806164, -0.021369], [109.2801262, -0.0219905], [109.279986, -0.0221682], [109.2792587, -0.0231284], [109.2788416, -0.0237571], [109.2780275, -0.0248326], [109.2774155, -0.0256573], [109.2768985, -0.0263668], [109.2753548, -0.0284346], [109.2746608, -0.0293029], [109.2741676, -0.0298708]]]}}, {"type": "Feature", "properties": {"WADMKK": "Kota Balikpapan"}, "geometry": {"type": "MultiPolygon", "coordinates": [[[[116.7287975, -1.1017728], [116.7288566, -1.1021697], [116.7289746, -1.102631], [116.7292213, -1.1031888], [116.7295378, -1.1042722], [116.7298114, -1.1049641], [116.7300421, -1.1052537], [116.7302084, -1.105361], [116.7304122, -1.1054199], [116.7306375, -1.1054521], [116.7308575, -1.1054575], [116.7312223, -1.1054682], [116.7314744, -1.1055165], [116.7317373, -1.1056238], [116.7318767, -1.1057471], [116.7320055, -1.1059375], [116.7321718, -1.106262], [116.732271, -1.1064524], [116.7323166, -1.106616], [116.7323327, -1.1067179], [116.7323488, -1.1069298], [116.7323434, -1.1071738], [116.7323327, -1.1073401], [116.7323112, -1.1074379], [116.7322791, -1.1075197], [116.7321195, -1.1077597], [116.732098, -1.107804], [116.7320967, -1.1078482], [116.7321114, -1.1078831], [116.7326358, -1.1083618], [116.7326707, -1.1083752], [116.7326975, -1.1083792], [116.7327431, -1.1083672], [116.7327699, -1.1083444], [116.7327981, -1.1083055], [116.7328651, -1.1081794], [116.7330435, -1.10793], [116.7332232, -1.1077678], [116.7333104, -1.1077195], [116.7333895, -1.1076927], [116.7335612, -1.1076552], [116.7339179, -1.1076136], [116.7343363, -1.1076055], [116.7344946, -1.1076163], [116.7346394, -1.1076431], [116.734744, -1.1077074], [116.7348728, -1.1078228], [116.7349505, -1.107989], [116.7350122, -1.1081499], [116.7350525, -1.108343], [116.7351061, -1.1086112], [116.7351222, -1.1087667], [116.7351302, -1.1091207], [116.7351383, -1.1091757], [116.7351571, -1.1092092], [116.7351919, -1.10924], [116.7356506, -1.1094854], [116.7357117, -1.109467], [116.7357975, -1.1094218], [116.7358933, -1.1093594], [116.7359336, -1.1093125], [116.7359483, -1.1092709], [116.7359738, -1.109059], [116.7360006, -1.1089732], [116.7360409, -1.1088767], [116.7360865, -1.1087976], [116.7361656, -1.108705], [116.7362326, -1.108646], [116.73636, -1.108579], [116.7367181, -1.1084422], [116.7370588, -1.1083685], [116.7371701, -1.1083283], [116.7373176, -1.1082626], [116.7384535, -1.1077799], [116.7387405, -1.1077074], [116.7393574, -1.1076002], [116.7401835, -1.1074661], [116.7408943, -1.1072971], [116.7416561, -1.1071792], [116.7429113, -1.1070182], [116.7433351, -1.1069432], [116.7437214, -1.1068466], [116.7441881, -1.1066857], [116.7447889, -1.1064551], [116.7458028, -1.1060528], [116.7462158, -1.105849], [116.7464894, -1.1056988], [116.746645, -1.1056559], [116.7467898, -1.1056559], [116.7471063, -1.1057096], [116.7483455, -1.1060207], [116.7489785, -1.1061547], [116.7492682, -1.1062245], [116.7494774, -1.1063049], [116.7500567, -1.1065892], [116.750384, -1.1067876], [116.7507648, -1.107088], [116.7509633, -1.107324], [116.7512155, -1.1077316], [116.7513871, -1.108048], [116.7514354, -1.1082062], [116.7514488, -1.1083698], [116.7514139, -1.1085468], [116.7513147, -1.1087345], [116.7512181, -1.1088418], [116.7510706, -1.1089062], [116.750915, -1.1089249], [116.7507756, -1.1088954], [116.7500621, -1.1085951], [116.748442, -1.1077906], [116.7481282, -1.1076592], [116.7479378, -1.1075921], [116.7476535, -1.1075358], [116.7471814, -1.1074688], [116.7462185, -1.1073508], [116.7458993, -1.1073347], [116.745607, -1.1073669], [116.7453173, -1.107442], [116.7450222, -1.1075707], [116.7446896, -1.1077852], [116.7444858, -1.1079649], [116.7443865, -1.108107], [116.7443114, -1.1083296], [116.744298, -1.1085173], [116.7443034, -1.1087211], [116.7443705, -1.1090268], [116.7445394, -1.1093567], [116.7446843, -1.1096758], [116.7447272, -1.1098287], [116.7447728, -1.1100432], [116.7448586, -1.1104026], [116.7449176, -1.1106064], [116.7450517, -1.110955], [116.7451456, -1.1112607], [116.7452073, -1.111545], [116.745269, -1.1119204], [116.7453334, -1.1121376], [116.7454085, -1.1123843], [116.7454836, -1.1127303], [116.745505, -1.1128912], [116.7455453, -1.1132425], [116.7455775, -1.1136501], [116.7456204, -1.1138325], [116.7456794, -1.1139719], [116.7457786, -1.1141462], [116.7458537, -1.114224], [116.7459851, -1.1143125], [116.746358, -1.1144653], [116.7466879, -1.1145726], [116.7468917, -1.1146102], [116.7471251, -1.1146236], [116.747632, -1.1146718], [116.7479432, -1.1147308], [116.7480558, -1.1147818], [116.7482114, -1.1148676], [116.7483911, -1.1149856], [116.7485842, -1.1151063], [116.7486674, -1.1151492], [116.7487451, -1.115168], [116.7488256, -1.1151599], [116.7489463, -1.1151143], [116.7493406, -1.1149186], [116.7496061, -1.1148327], [116.7499146, -1.1147818], [116.7503706, -1.1147577], [116.7508829, -1.1147576], [116.7515373, -1.1147684], [116.7521006, -1.1148059], [116.7525512, -1.1148649], [116.7529696, -1.1149775], [116.7532325, -1.1151116], [116.7534631, -1.1153154], [116.7536509, -1.1155568], [116.7542732, -1.1166831], [116.7546272, -1.1173374], [116.7547345, -1.1176056], [116.7551154, -1.1183672], [116.7553568, -1.1187212], [116.7555445, -1.1189894], [116.7557216, -1.1191556], [116.7561829, -1.1195364], [116.756537, -1.1198153], [116.7566657, -1.1199441], [116.7567086, -1.1200272], [116.7567408, -1.1201613], [116.7567837, -1.1204643], [116.7567891, -1.1208344], [116.7568186, -1.120998], [116.7568642, -1.1211267], [116.7570171, -1.1213814], [116.7571592, -1.121655], [116.7572424, -1.1218642], [116.7572933, -1.1219821], [116.7573416, -1.1220572], [116.7573979, -1.1221135], [116.7575803, -1.1222664], [116.7581409, -1.1226633], [116.7584306, -1.1228751], [116.7586693, -1.1230361], [116.7588034, -1.1231004], [116.7589375, -1.1231326], [116.7595705, -1.1232452], [116.7598414, -1.1232962], [116.7601043, -1.1234115], [116.760284, -1.1235241], [116.760394, -1.1236233], [116.7604905, -1.1237682], [116.7606166, -1.1240283], [116.7609304, -1.1246102], [116.7611557, -1.1249052], [116.7612845, -1.1250554], [116.7614293, -1.1251465], [116.761589, -1.1251857], [116.7617136, -1.1252163], [116.7621374, -1.1252806], [116.7629206, -1.1253825], [116.7636609, -1.1255113], [116.7648089, -1.1257151], [116.7657584, -1.1259189], [116.7659998, -1.1260154], [116.7661983, -1.1261763], [116.7664558, -1.1264713], [116.7666435, -1.1267126], [116.7668527, -1.1271203], [116.7669439, -1.1274045], [116.7669761, -1.1276673], [116.7669842, -1.1279891], [116.767019, -1.1280991], [116.7670646, -1.1281822], [116.767137, -1.1282868], [116.7672282, -1.1283538], [116.7673999, -1.128445], [116.7674725, -1.1284895], [116.7684942, -1.1291154], [116.7683172, -1.1294158], [116.7682046, -1.1296679], [116.7681831, -1.1298502], [116.7681992, -1.1299736], [116.7682609, -1.1301023], [116.7684084, -1.1303276], [116.7684969, -1.1304831], [116.7686149, -1.1307486], [116.7686981, -1.1310194], [116.7688107, -1.1316416], [116.7689288, -1.1322101], [116.7690495, -1.1325614], [116.7691889, -1.1328484], [116.7695698, -1.1335536], [116.7695993, -1.133626], [116.7695779, -1.1337119], [116.7693955, -1.1338647], [116.7693834, -1.1338942], [116.7693807, -1.1339291], [116.7693968, -1.1339586], [116.7694321, -1.1339797], [116.7694471, -1.1340018], [116.7694841, -1.1340564], [116.7695162, -1.1340792], [116.7695497, -1.1340806], [116.7695846, -1.1340605], [116.769893, -1.1338553], [116.769952, -1.1338392], [116.7700016, -1.133854], [116.7700459, -1.1339264], [116.7704898, -1.1348703], [116.7706588, -1.1351761], [116.7710236, -1.1357231], [116.771147, -1.1358465], [116.7713079, -1.1359725], [116.771493, -1.1360932], [116.7717612, -1.1363292], [116.7722118, -1.1367904], [116.7727536, -1.1376915], [116.7729199, -1.1379328], [116.7730647, -1.1381044], [116.7732257, -1.1382493], [116.7742288, -1.1390699], [116.7749906, -1.139692], [116.7751944, -1.1398529], [116.7753178, -1.1400084], [116.7754358, -1.140223], [116.7755753, -1.1405394], [116.7757684, -1.1409095], [116.7759508, -1.1411133], [116.77616, -1.1412635], [116.7762834, -1.1413171], [116.7765248, -1.1413493], [116.7766964, -1.1414405], [116.7768574, -1.1416389], [116.7769968, -1.1419285], [116.7771149, -1.1421109], [116.7773509, -1.1424112], [116.7774421, -1.1425614], [116.7774796, -1.1426848], [116.7774904, -1.1428725], [116.7774582, -1.1431299], [116.7774796, -1.143323], [116.7775279, -1.1434517], [116.7776191, -1.1435804], [116.7777479, -1.1436394], [116.7781877, -1.1437521], [116.7785418, -1.1438915], [116.778971, -1.1441382], [116.7791212, -1.144283], [116.7792767, -1.1445137], [116.7794269, -1.1448837], [116.7795718, -1.1454201], [116.7796683, -1.1456614], [116.7798024, -1.1458974], [116.7802101, -1.1464981], [116.7803711, -1.1467609], [116.7804998, -1.1470827], [116.7805427, -1.147308], [116.7806071, -1.1477638], [116.7807037, -1.1486112], [116.7807627, -1.1493031], [116.7808217, -1.1499092], [116.7808834, -1.1503731], [116.7809746, -1.1507593], [116.7810416, -1.1510462], [116.7810497, -1.1512312], [116.7810363, -1.151545], [116.7810497, -1.1518641], [116.7810684, -1.1520223], [116.7811435, -1.1522717], [116.78146, -1.1530682], [116.7815942, -1.1532961], [116.7816693, -1.1534812], [116.7817014, -1.153634], [116.7817095, -1.1537359], [116.7816988, -1.1538593], [116.7816505, -1.1539907], [116.7816049, -1.1541703], [116.7815673, -1.1542964], [116.7815539, -1.1544332], [116.7815486, -1.1545914], [116.7815781, -1.1547657], [116.7816049, -1.1549909], [116.7816049, -1.1551116], [116.7815673, -1.1553798], [116.7814847, -1.1557597], [116.7814748, -1.1557934], [116.7813474, -1.1561521], [116.7813018, -1.1563371], [116.781283, -1.1564793], [116.781283, -1.1566482], [116.7813206, -1.1568547], [116.7813742, -1.1570102], [116.7814493, -1.1572409], [116.7815807, -1.157501], [116.781747, -1.1577584], [116.7818221, -1.1579005], [116.7818677, -1.1580293], [116.7818892, -1.1581178], [116.7818919, -1.1582223], [116.7818677, -1.1583564], [116.7818248, -1.1584288], [116.7817363, -1.1585173], [116.7812991, -1.1588498], [116.7810336, -1.1590563], [116.7809531, -1.1591529], [116.7809156, -1.1592226], [116.7808619, -1.1593674], [116.7808083, -1.1596141], [116.7807761, -1.1598595], [116.780768, -1.1599118], [116.7807412, -1.1599721], [116.7806795, -1.1600418], [116.7806607, -1.1600781], [116.7806607, -1.1600995], [116.7806768, -1.1601183], [116.780709, -1.1601143], [116.7808042, -1.1600821], [116.7810228, -1.1599641], [116.7810805, -1.1599453], [116.7811603, -1.1599547], [116.7811979, -1.1599587], [116.7812244, -1.1599707], [116.7812696, -1.160001], [116.7813098, -1.1600633], [116.7814225, -1.1602644], [116.7816143, -1.1606184], [116.7818999, -1.1611159], [116.7821655, -1.1615597], [116.7822245, -1.1616669], [116.7822392, -1.1617273], [116.7822459, -1.161797], [116.7822298, -1.1618788], [116.7821212, -1.162037], [116.7821118, -1.1620692], [116.7821142, -1.1621034], [116.7821384, -1.1621409], [116.7821695, -1.1621845], [116.78248, -1.1620028], [116.7825222, -1.161978], [116.7825933, -1.1620062], [116.7826442, -1.1620196], [116.782722, -1.1620236], [116.7828011, -1.1620035], [116.7829084, -1.1619498], [116.7829379, -1.1619485], [116.7829648, -1.1619579], [116.7830761, -1.1620759], [116.7835495, -1.1626082], [116.7841583, -1.163237], [116.78514, -1.1644491], [116.7856228, -1.1650874], [116.785832, -1.165436], [116.7859662, -1.1657042], [116.7860734, -1.1659991], [116.7861593, -1.1663907], [116.786229, -1.1667715], [116.7862719, -1.1670235], [116.7862934, -1.1672273], [116.7862773, -1.1673668], [116.7862344, -1.1675652], [116.7861539, -1.1679031], [116.7860144, -1.1684984], [116.7859501, -1.1688363], [116.7859608, -1.1691581], [116.7860252, -1.1693458], [116.7861003, -1.1695952], [116.7861888, -1.1697883], [116.7865589, -1.1703971], [116.7867011, -1.1706599], [116.7871571, -1.1715609], [116.7871916, -1.1716246], [116.787208, -1.1716601], [116.787267, -1.1717727], [116.7873797, -1.17199], [116.7874548, -1.1721374], [116.7873743, -1.1722367], [116.7872778, -1.1722903], [116.7871302, -1.1724834], [116.7871705, -1.1726604], [116.7872724, -1.1727837], [116.787267, -1.1729259], [116.7871839, -1.1731055], [116.787141, -1.173371], [116.7871919, -1.1736928], [116.7872536, -1.1738403], [116.7874655, -1.1739985], [116.787664, -1.1741835], [116.7877659, -1.1743927], [116.7877525, -1.1745456], [116.7876425, -1.1749478], [116.7866421, -1.1768947], [116.7868459, -1.177002], [116.7868754, -1.1770878], [116.7870417, -1.1771816], [116.7870954, -1.177254], [116.7871356, -1.1773345], [116.7871544, -1.1774632], [116.7871678, -1.177608], [116.7872, -1.1777984], [116.7872375, -1.1779298], [116.7873006, -1.1780639], [116.7873274, -1.178151], [116.7873448, -1.1782543], [116.7873327, -1.1783951], [116.7871879, -1.1784299], [116.7871584, -1.178446], [116.787141, -1.1784742], [116.7871187, -1.1785833], [116.7868312, -1.1799611], [116.7868111, -1.1800295], [116.7867936, -1.1800671], [116.7867561, -1.1800966], [116.7866676, -1.1801274], [116.7865267, -1.1801784], [116.7863671, -1.1802387], [116.7862659, -1.1802809], [116.7862552, -1.1803051], [116.7862458, -1.18036], [116.7862458, -1.1804405], [116.7863524, -1.1805069], [116.7864771, -1.1806007], [116.7863269, -1.1808729], [116.7863953, -1.1809359], [116.7863417, -1.1810646], [116.7863162, -1.1811022], [116.7862746, -1.1811411], [116.7862062, -1.1811934], [116.7861754, -1.1812376], [116.7861633, -1.1812979], [116.7861646, -1.1814012], [116.7861861, -1.1816278], [116.7861995, -1.1818289], [116.7861807, -1.1820971], [116.7861673, -1.1822982], [116.7861579, -1.1823572], [116.7861284, -1.1824497], [116.7860802, -1.1825462], [116.7859943, -1.1827045], [116.7859595, -1.1827568], [116.785934, -1.1827782], [116.7859112, -1.1827863], [116.7858696, -1.1827903], [116.785702, -1.1827165], [116.7856577, -1.1828037], [116.7858535, -1.1828882], [116.7858495, -1.1829981], [116.7858213, -1.1831885], [116.7857838, -1.1832743], [116.7857274, -1.1833682], [116.7855638, -1.1835532], [116.7855021, -1.1836336], [116.7854592, -1.1837195], [116.7854378, -1.1838428], [116.7854163, -1.1840091], [116.7854378, -1.1841995], [116.7854914, -1.1844006], [116.7856349, -1.1850844], [116.7857502, -1.1855135], [116.7857945, -1.1856985], [116.7858173, -1.185846], [116.785832, -1.185972], [116.7858347, -1.1860739], [116.7858267, -1.1861235], [116.7858066, -1.1861906], [116.785773, -1.1862965], [116.7857328, -1.1864105], [116.7857663, -1.1864199], [116.7856912, -1.1867805], [116.7856456, -1.1867832], [116.7856282, -1.1868757], [116.7854941, -1.187337], [116.7854827, -1.1874241], [116.7857663, -1.1875006], [116.7856912, -1.1879122], [116.7851159, -1.1892596], [116.7850077, -1.1895076], [116.7843783, -1.1909813], [116.7846197, -1.1910859], [116.7844829, -1.1914667], [116.7843783, -1.1918582], [116.7843112, -1.1921532], [116.7842334, -1.1923543], [116.7840806, -1.1926761], [116.7839491, -1.192904], [116.7838499, -1.1930489], [116.7837694, -1.1932285], [116.7837346, -1.1933492], [116.7836997, -1.1934779], [116.7836648, -1.1938533], [116.7836541, -1.1940518], [116.7836326, -1.1942127], [116.7836112, -1.1943226], [116.7836165, -1.1944674], [116.7836353, -1.1948616], [116.7837614, -1.1956393], [116.7838258, -1.1959906], [116.7838633, -1.1963392], [116.7839302, -1.196654], [116.783922, -1.1967369], [116.7838633, -1.1969412], [116.7838928, -1.1970592], [116.7838982, -1.1971102], [116.7838901, -1.1971558], [116.7838727, -1.1972014], [116.7838459, -1.1972536], [116.7838351, -1.1972898], [116.7838418, -1.197322], [116.7839022, -1.1974011], [116.783933, -1.19744], [116.7840115, -1.1975064], [116.7852741, -1.1987098], [116.7853492, -1.1987956], [116.7853734, -1.1988841], [116.7853814, -1.1989645], [116.7853653, -1.1990503], [116.7853171, -1.1991817], [116.7852285, -1.1994606], [116.7851937, -1.1996537], [116.7852017, -1.1997395], [116.7852285, -1.1998334], [116.7853063, -1.1999406], [116.785706, -1.2002678], [116.7858481, -1.2004206], [116.7859501, -1.2005923], [116.785993, -1.2008497], [116.785993, -1.201075], [116.7859286, -1.2015845], [116.785875, -1.2018473], [116.7858857, -1.2020028], [116.7859715, -1.202228], [116.7860413, -1.20233], [116.7862719, -1.2025874], [116.7864382, -1.2027483], [116.7865401, -1.2027966], [116.7867011, -1.2028234], [116.7869854, -1.202818], [116.7871624, -1.2028502], [116.7873019, -1.2029414], [116.787436, -1.2031023], [116.7875111, -1.2032471], [116.7875272, -1.203349], [116.7875111, -1.2035152], [116.7874789, -1.2036225], [116.7873663, -1.2038585], [116.787259, -1.204132], [116.7871866, -1.2043599], [116.7870605, -1.2047005], [116.7869317, -1.2048775], [116.7867494, -1.2050759], [116.7865616, -1.2053334], [116.786347, -1.2056578], [116.7861217, -1.2059609], [116.7860923, -1.2062263], [116.7859903, -1.2063631], [116.7858374, -1.2066929], [116.7856389, -1.2072306], [116.7855826, -1.2072091], [116.7852281, -1.2080217], [116.785167, -1.2081543], [116.7848906, -1.2087926], [116.7845473, -1.209565], [116.7844641, -1.209573], [116.7844078, -1.2097446], [116.7844722, -1.2097661], [116.7839733, -1.210832], [116.7838405, -1.2109326], [116.7837024, -1.2114823], [116.7836646, -1.211678], [116.7835099, -1.2124786], [116.7834985, -1.2125376], [116.7835964, -1.2125596], [116.7835991, -1.2125858], [116.7842334, -1.2128808], [116.7847015, -1.2130779], [116.7847927, -1.2131087], [116.7849027, -1.2131369], [116.785073, -1.213165], [116.7860627, -1.2133219], [116.7864758, -1.2133983], [116.7868258, -1.2134613], [116.7873234, -1.2136008], [116.787672, -1.2137134], [116.7881012, -1.213826], [116.7883694, -1.2138636], [116.7887127, -1.2138689], [116.7899251, -1.2137509], [116.7902765, -1.2137536], [116.7905313, -1.2137134], [116.7907163, -1.2136893], [116.7908826, -1.2136866], [116.7910141, -1.2136946], [116.791403, -1.2137885], [116.7916793, -1.2138421], [116.7918858, -1.2138716], [116.7920306, -1.2139252], [116.7921808, -1.2140003], [116.7924517, -1.2141425], [116.7927226, -1.2142873], [116.7928863, -1.2143972], [116.7930391, -1.2145098], [116.7931411, -1.2146091], [116.7932484, -1.2147914], [116.7933047, -1.2149282], [116.793302, -1.2151266], [116.793302, -1.2154109], [116.7932752, -1.2157058], [116.7932323, -1.2159204], [116.7932108, -1.216041], [116.7932081, -1.2160893], [116.7932376, -1.216151], [116.7932658, -1.2161657], [116.7933074, -1.2161724], [116.7933717, -1.2161751], [116.7935836, -1.2160973], [116.7936802, -1.216033], [116.7937821, -1.2159499], [116.7938867, -1.2159043], [116.7940557, -1.2158828], [116.7947611, -1.2159418], [116.7953324, -1.2159418], [116.7957804, -1.2159043], [116.7958957, -1.2158775], [116.7959949, -1.2158372], [116.7965019, -1.2156173], [116.796864, -1.2154994], [116.7972851, -1.2153894], [116.7979637, -1.2152366], [116.7981809, -1.215191], [116.7985108, -1.2151212], [116.79883, -1.2150609], [116.798936, -1.2150368], [116.7990071, -1.2150301], [116.799117, -1.215014], [116.7991854, -1.2149952], [116.7992404, -1.214951], [116.799278, -1.2148946], [116.7993128, -1.2148169], [116.7993329, -1.2147297], [116.799349, -1.2145863], [116.7993464, -1.2145058], [116.7993276, -1.2144441], [116.7992873, -1.2143449], [116.7992243, -1.214188], [116.7991599, -1.2140245], [116.7990741, -1.2137295], [116.7989615, -1.2133836], [116.7988783, -1.2131529], [116.7988166, -1.2129572], [116.7987697, -1.2126944], [116.7987764, -1.2125777], [116.7988046, -1.212512], [116.7989092, -1.2123686], [116.7989829, -1.2122962], [116.7991653, -1.2121822], [116.7993276, -1.2121085], [116.7997098, -1.2118014], [116.8000317, -1.2115815], [116.8002731, -1.2114045], [116.800493, -1.2112168], [116.8006378, -1.2110667], [116.80089, -1.2108039], [116.8010911, -1.2106215], [116.8012708, -1.2104204], [116.8013835, -1.2102139], [116.8014586, -1.209986], [116.801531, -1.2097071], [116.8016061, -1.2094738], [116.8016839, -1.2092914], [116.8017536, -1.2091413], [116.801877, -1.2089509], [116.8020245, -1.2088007], [116.8023115, -1.2084977], [116.8024993, -1.2082563], [116.8026012, -1.2080472], [116.8026817, -1.2078058], [116.8026978, -1.2076181], [116.802671, -1.2073982], [116.8026173, -1.2070818], [116.8025958, -1.2068404], [116.8026441, -1.2065776], [116.8028212, -1.2059609], [116.8029767, -1.2056015], [116.8031591, -1.2052368], [116.8033844, -1.2048078], [116.8037707, -1.2042017], [116.8042427, -1.203483], [116.8046075, -1.2029199], [116.8048704, -1.2025391], [116.8051547, -1.2022066], [116.8057501, -1.2016864], [116.8060291, -1.2015308], [116.8062866, -1.2014289], [116.8064904, -1.2013217], [116.8065521, -1.2012707], [116.8065843, -1.2012224], [116.8066031, -1.2011554], [116.8065762, -1.2010615], [116.8065333, -1.2009543], [116.8064475, -1.2008497], [116.8063322, -1.2007532], [116.8061471, -1.2006405], [116.8058038, -1.2005145], [116.8055516, -1.2004046], [116.8054605, -1.2003134], [116.8054014, -1.2002329], [116.8053907, -1.2001042], [116.8054229, -1.199895], [116.8056428, -1.1995303], [116.8060183, -1.1990637], [116.8062705, -1.1988492], [116.8065387, -1.1986883], [116.8068498, -1.1985596], [116.8071502, -1.198506], [116.807515, -1.1984845], [116.8081212, -1.1985328], [116.8086308, -1.1986722], [116.8091083, -1.1988385], [116.8100846, -1.199407], [116.8103206, -1.1996054], [116.8104976, -1.1997341], [116.8106157, -1.1997985], [116.810739, -1.199836], [116.8108678, -1.1998146], [116.8109482, -1.1997502], [116.8110287, -1.1996322], [116.8112433, -1.1992085], [116.8119568, -1.197739], [116.8123215, -1.1968273], [116.8138933, -1.1970954], [116.8139201, -1.1974172], [116.814006, -1.1977497], [116.814183, -1.1982163], [116.8143761, -1.1985971], [116.8145665, -1.1988519], [116.8147945, -1.1990557], [116.8149045, -1.1991147], [116.8150172, -1.1991415], [116.8151137, -1.1991603], [116.8152264, -1.1991764], [116.8153632, -1.1992059], [116.8155053, -1.1992568], [116.815803, -1.1994258], [116.8161625, -1.1995411], [116.8167901, -1.1996108], [116.8171066, -1.1996001], [116.8174607, -1.1995893], [116.8183511, -1.1994606], [116.819137, -1.2006298], [116.8188567, -1.2008041], [116.8186583, -1.2009129], [116.8185779, -1.2009396], [116.8181339, -1.2010248], [116.8180902, -1.2010332], [116.8180591, -1.2010391], [116.8177718, -1.2010978], [116.817521, -1.201138], [116.8173413, -1.2011715], [116.8172783, -1.2011943], [116.8172193, -1.2012345], [116.8171348, -1.2013673], [116.8171106, -1.2014571], [116.817112, -1.2015282], [116.817124, -1.2015885], [116.8171388, -1.2016233], [116.8171737, -1.2016542], [116.8172488, -1.2016998], [116.8172783, -1.2017226], [116.8172957, -1.2017588], [116.8172957, -1.2017829], [116.8172817, -1.2018169], [116.8172233, -1.2018573], [116.8171938, -1.2018714], [116.8171482, -1.2018848], [116.8170972, -1.2018781], [116.8170677, -1.2018607], [116.8170395, -1.2018272], [116.8169591, -1.2017373], [116.8169215, -1.2016743], [116.8168759, -1.2016381], [116.8168196, -1.201614], [116.8167686, -1.2016073], [116.8166345, -1.2016032], [116.8165192, -1.2016113], [116.8164092, -1.2016327], [116.8162858, -1.2016917], [116.8161678, -1.2017722], [116.8160632, -1.201866], [116.8159962, -1.2019545], [116.8159908, -1.2020216], [116.8160069, -1.2020806], [116.8160284, -1.2021396], [116.8161678, -1.2022951], [116.8162885, -1.2024292], [116.81631, -1.2024748], [116.81631, -1.2025418], [116.8162912, -1.2026008], [116.816259, -1.2026357], [116.8161786, -1.2026652], [116.81609, -1.2026678], [116.8160579, -1.2026625], [116.8160257, -1.2026464], [116.8155321, -1.2020229], [116.8154383, -1.2020537], [116.8154249, -1.202039], [116.8149313, -1.2022643], [116.8147838, -1.2023514], [116.8146926, -1.2023943], [116.8144995, -1.2024506], [116.8142769, -1.2025257], [116.8140757, -1.2025713], [116.8138289, -1.2026142], [116.8133059, -1.2026464], [116.8129814, -1.2027268], [116.812807, -1.2028234], [116.8126997, -1.2029065], [116.8125844, -1.2030325], [116.8124664, -1.2032524], [116.8123859, -1.2035715], [116.812225, -1.2040355], [116.8121311, -1.2044618], [116.8120694, -1.20473], [116.8119648, -1.2049848], [116.8118012, -1.2053065], [116.8117663, -1.2054299], [116.8117663, -1.2055211], [116.8118092, -1.2056257], [116.8118736, -1.2056967], [116.8120158, -1.2058268], [116.8120627, -1.2058777], [116.8120775, -1.2059206], [116.8120855, -1.2059729], [116.8120815, -1.2060427], [116.81206, -1.2060976], [116.811997, -1.2062076], [116.8119621, -1.2062867], [116.8119326, -1.2063712], [116.8119179, -1.2065039], [116.8119192, -1.2068565], [116.8119621, -1.2074974], [116.8120372, -1.2077978], [116.8121204, -1.208015], [116.8121499, -1.208141], [116.812111, -1.2092807], [116.8121083, -1.2095247], [116.8121164, -1.2098465], [116.8121204, -1.2099431], [116.8119192, -1.2099538], [116.8116617, -1.2099806], [116.8115491, -1.2100316], [116.8114713, -1.2100959], [116.8113559, -1.2102488], [116.8112889, -1.2103694], [116.811195, -1.2104713], [116.811085, -1.2105518], [116.81079, -1.2106805], [116.8106693, -1.2107556], [116.810613, -1.2108441], [116.810613, -1.2108923], [116.8106344, -1.2109513], [116.810672, -1.2110077], [116.8108463, -1.2111337], [116.8109751, -1.2112007], [116.8110475, -1.2112168], [116.8111387, -1.2112115], [116.8112755, -1.2111712], [116.81182, -1.2109862], [116.8119836, -1.2113429], [116.8111816, -1.211725], [116.8111762, -1.2118188], [116.8111977, -1.2119181], [116.8112621, -1.212024], [116.8113103, -1.2120347], [116.8113613, -1.2120334], [116.8114069, -1.21202], [116.8115611, -1.2119596], [116.8117583, -1.2118819], [116.8119836, -1.2117371], [116.8122089, -1.2116003], [116.8122853, -1.2115762], [116.8123269, -1.2115721], [116.8123832, -1.2115708], [116.812512, -1.2116191], [116.8125871, -1.2116647], [116.8126541, -1.2117357], [116.8127507, -1.2118524], [116.812807, -1.2118939], [116.8128647, -1.2119181], [116.8129224, -1.2119248], [116.8130296, -1.2119033], [116.8133193, -1.211847], [116.8137619, -1.2118255], [116.8139389, -1.2118336], [116.8143788, -1.2118872], [116.8144861, -1.2119382], [116.8145719, -1.2120294], [116.8146148, -1.2121232], [116.8146443, -1.2122278], [116.8147274, -1.2125734], [116.8147784, -1.2127051], [116.8148562, -1.2128285], [116.8149462, -1.2129323], [116.815154, -1.2130939], [116.815213, -1.2131851], [116.8152264, -1.2132441], [116.815221, -1.2133058], [116.8151915, -1.2133862], [116.8151459, -1.2134747], [116.815103, -1.2135176], [116.8149877, -1.213582], [116.8147972, -1.2136732], [116.8147302, -1.2137268], [116.8146658, -1.213818], [116.8146229, -1.2139387], [116.8145987, -1.2141612], [116.8145974, -1.2144763], [116.8146082, -1.2147512], [116.8147114, -1.2153572], [116.8147382, -1.215494], [116.8147543, -1.2156683], [116.8147489, -1.2159096], [116.8147463, -1.2160652], [116.8147382, -1.2162717], [116.814757, -1.2164031], [116.8147811, -1.2164701], [116.8148455, -1.2165224], [116.8150225, -1.2165412], [116.8151888, -1.2165532], [116.8152626, -1.2165707], [116.8153082, -1.2165881], [116.8153444, -1.216627], [116.8153618, -1.21669], [116.8153752, -1.2167597], [116.8153927, -1.2168093], [116.8154342, -1.2168522], [116.8155, -1.216879], [116.8156233, -1.2168857], [116.815909, -1.2168589], [116.8161222, -1.2168053], [116.8161947, -1.2167517], [116.8163046, -1.2166498], [116.816428, -1.2165854], [116.8165299, -1.2165452], [116.8167177, -1.2165291], [116.8170503, -1.2164969], [116.8173453, -1.2164594], [116.817635, -1.216387], [116.8179622, -1.2162851], [116.8181983, -1.2161885], [116.8184182, -1.2161456], [116.8186167, -1.2172397], [116.8186314, -1.2184438], [116.8185885, -1.2185631], [116.8185738, -1.2186878], [116.8185899, -1.2187609], [116.8186261, -1.2188212], [116.8187609, -1.2188835], [116.8188849, -1.2189479], [116.8190378, -1.2191597], [116.8191478, -1.2194252], [116.8191746, -1.2195231], [116.8191679, -1.2195526], [116.8191424, -1.21957], [116.8190257, -1.2196143], [116.8189426, -1.2196827], [116.8189064, -1.219743], [116.8188594, -1.2199924], [116.81885, -1.220105], [116.8188152, -1.2201908], [116.8187334, -1.2202257], [116.8185496, -1.2201761], [116.8183377, -1.2200393], [116.8181875, -1.2198972], [116.8180601, -1.2197564], [116.8179716, -1.2195754], [116.8179877, -1.219503], [116.818158, -1.2193233], [116.8181527, -1.2192697], [116.8180132, -1.2189023], [116.8179153, -1.2188648], [116.8178268, -1.2188621], [116.8173453, -1.2189412], [116.8173037, -1.2189291], [116.81723, -1.2187012], [116.8171804, -1.2186811], [116.8165916, -1.2186985], [116.815736, -1.2187602], [116.8148683, -1.2188393], [116.8146202, -1.2188085], [116.8145169, -1.2187769], [116.8144673, -1.2187133], [116.8138343, -1.2189291], [116.8138068, -1.2189398], [116.8136231, -1.2189057], [116.813554, -1.2189197], [116.8130578, -1.2189921], [116.81263, -1.2192871], [116.8128164, -1.2196089], [116.8126219, -1.2197175], [116.8124275, -1.2195352], [116.8119568, -1.2197711], [116.8118723, -1.219802], [116.8118146, -1.2197323], [116.8117449, -1.219617], [116.8116067, -1.219692], [116.8115343, -1.2196022], [116.8111695, -1.2196465], [116.8110877, -1.2196853], [116.810967, -1.2197765], [116.8109375, -1.2198596], [116.8109483, -1.2199213], [116.8110234, -1.2200554], [116.8110931, -1.2201694], [116.8110555, -1.2202257], [116.8109375, -1.2202927], [116.8108812, -1.2202967], [116.8106452, -1.2200473], [116.8105406, -1.2199884], [116.8104333, -1.2199843], [116.8102992, -1.2200071], [116.810157, -1.2200742], [116.8100953, -1.2202082], [116.8100846, -1.2203236], [116.8102106, -1.2205113], [116.8103407, -1.2207164], [116.8104413, -1.2208491], [116.8105191, -1.2209671], [116.8105218, -1.2210208], [116.8104896, -1.2210476], [116.8103045, -1.2209645], [116.8100966, -1.2208277], [116.8100417, -1.2208666], [116.8099827, -1.220817], [116.8098566, -1.2209752], [116.8097694, -1.2210664], [116.8096608, -1.2210235], [116.8094636, -1.2209403], [116.8090546, -1.2211924], [116.8088065, -1.2214016], [116.8086027, -1.2217676], [116.808368, -1.2225091], [116.8083626, -1.2226458], [116.8083693, -1.2227826], [116.8085088, -1.2227973], [116.8089527, -1.2228738], [116.8091887, -1.2228684], [116.8094677, -1.2228684], [116.8097359, -1.2229113], [116.8097547, -1.2229783], [116.8084632, -1.2233142], [116.8084732, -1.2233725], [116.808372, -1.2233926], [116.8085235, -1.2240697], [116.8085799, -1.2242092], [116.809064, -1.2240724], [116.8090948, -1.2241542], [116.8092062, -1.2241194], [116.8096715, -1.2239839], [116.8097278, -1.224114], [116.8093973, -1.2242776], [116.8093134, -1.2243185], [116.8093222, -1.224356], [116.8084592, -1.2247039], [116.8085128, -1.2248742], [116.8087113, -1.224826], [116.8087502, -1.2249399], [116.808439, -1.2250753], [116.8085973, -1.2254467], [116.8090157, -1.2252389], [116.8090573, -1.2253475], [116.8088642, -1.2254414], [116.808899, -1.2255205], [116.8090962, -1.2254105], [116.8091901, -1.2255594], [116.8096139, -1.2253073], [116.8096621, -1.2253676], [116.8099961, -1.2251571], [116.8100202, -1.225129], [116.8100309, -1.2251263], [116.8100447, -1.225134], [116.810049, -1.2251535], [116.810039, -1.2251705], [116.8100417, -1.2252041], [116.8100859, -1.2252832], [116.8099505, -1.2253837], [116.8100081, -1.225499], [116.8096179, -1.2257109], [116.8097084, -1.2258624], [116.8100182, -1.2256881], [116.8100511, -1.225725], [116.810149, -1.2256747], [116.8101369, -1.2256512], [116.8101758, -1.2256311], [116.8102046, -1.22567], [116.8103193, -1.2256264], [116.8103957, -1.2256874], [116.8106807, -1.2255627], [116.810733, -1.2256619], [116.8102214, -1.2259227], [116.8102603, -1.2260032], [116.8098264, -1.2262338], [116.8098713, -1.226323], [116.8099666, -1.2262861], [116.8099813, -1.2263055], [116.8101476, -1.2262184], [116.8101409, -1.2262023], [116.8102589, -1.2261413], [116.8102817, -1.2261426], [116.8103025, -1.2261614], [116.8103199, -1.2261936], [116.810328, -1.2262318], [116.8100397, -1.2263746], [116.8100531, -1.2264389], [116.80999, -1.2264698], [116.809866, -1.2265201], [116.8099337, -1.2266655], [116.8101047, -1.2266086], [116.8101288, -1.2265998], [116.8101436, -1.2266086], [116.8101704, -1.2266749], [116.8102878, -1.2266287], [116.8104681, -1.2265402], [116.810442, -1.2264584], [116.8105211, -1.2264322], [116.8105835, -1.2265308], [116.8106096, -1.2265234], [116.8106747, -1.2266669], [116.8101691, -1.2269424], [116.8102515, -1.2270993], [116.8103877, -1.2270229], [116.810438, -1.2270966], [116.8107048, -1.2269417], [116.8106928, -1.2268861], [116.8107578, -1.2268546], [116.810798, -1.2268868], [116.8112855, -1.2266327], [116.8113593, -1.2267158], [116.8113727, -1.2267473], [116.8112319, -1.2268345], [116.8112473, -1.2268727], [116.8112004, -1.2269002], [116.8110964, -1.2269612], [116.8111293, -1.2270222], [116.8113157, -1.2269303], [116.8113754, -1.2270141], [116.8115269, -1.2269411], [116.8115705, -1.2270014], [116.81148, -1.2270785], [116.8113653, -1.2271583], [116.8113881, -1.2271998], [116.8112131, -1.2273145], [116.8112855, -1.2274486], [116.8114733, -1.2273514], [116.8115196, -1.2274197], [116.8111172, -1.2275987], [116.8112272, -1.2278857], [116.8112379, -1.2280761], [116.8111099, -1.2281699], [116.8110877, -1.228186], [116.8110797, -1.2282048], [116.8110998, -1.2282611], [116.8111266, -1.2282805], [116.8112319, -1.2282316], [116.8112902, -1.2282188], [116.8113137, -1.2282209], [116.8113338, -1.2282423], [116.8113476, -1.2283067], [116.8113439, -1.2283261], [116.8113328, -1.2283375], [116.8112487, -1.2283633], [116.8112332, -1.2283754], [116.8112701, -1.228485], [116.8113077, -1.2286003], [116.8110394, -1.2287062], [116.8105754, -1.2288282], [116.8105593, -1.228792], [116.8097238, -1.2290119], [116.8097976, -1.2292332], [116.8097574, -1.2292546], [116.8098485, -1.2295094], [116.8113358, -1.2290119], [116.8113372, -1.2290307], [116.811372, -1.2291111], [116.8100765, -1.2295241], [116.8101355, -1.2297413], [116.810334, -1.2299424], [116.8104279, -1.2299894], [116.8104762, -1.2299934], [116.8107015, -1.2299076], [116.810967, -1.2298352], [116.8111467, -1.2300497], [116.8102125, -1.2303496], [116.8102207, -1.2303763], [116.8102854, -1.2305877], [116.8104518, -1.2305358], [116.810458, -1.2305578], [116.8103569, -1.2305915], [116.8104062, -1.2307626], [116.8104172, -1.2307738], [116.8104864, -1.2307611], [116.8110609, -1.2306005], [116.8115551, -1.2304533], [116.811565, -1.230485], [116.8115973, -1.2305699], [116.811946, -1.23046], [116.8120319, -1.2306718], [116.8118186, -1.2307442], [116.8118374, -1.230877], [116.8109992, -1.2311143], [116.8107578, -1.2312028], [116.8107699, -1.2312993], [116.8103193, -1.2314213], [116.8104189, -1.2318706], [116.8104789, -1.2321413], [116.8106291, -1.2325637], [116.8108839, -1.233576], [116.8110479, -1.2339493], [116.8112674, -1.2342196], [116.8115115, -1.2344663], [116.8115606, -1.2344922], [116.8117046, -1.2345682], [116.8129599, -1.2354746], [116.812516, -1.2368153], [116.8124992, -1.2368479], [116.8124939, -1.2368609], [116.8124959, -1.2368707], [116.8125033, -1.2368814], [116.8126222, -1.2369879], [116.812635, -1.2369994], [116.8126421, -1.2370057], [116.8126971, -1.2370436], [116.8127091, -1.2370473], [116.8127219, -1.2370399], [116.812737, -1.2370228], [116.8127564, -1.2369964], [116.8127668, -1.2369886], [116.8127829, -1.2369893], [116.8128657, -1.2370614], [116.8128761, -1.2370647], [116.8128888, -1.2370614], [116.8128969, -1.2370523], [116.8135607, -1.2361235], [116.8141535, -1.2353646], [116.8143064, -1.2352386], [116.8145585, -1.2349503], [116.8146014, -1.2350039], [116.8145826, -1.2351367], [116.813322, -1.2367429], [116.8137377, -1.2370004], [116.8139362, -1.2370835], [116.8146229, -1.2362656], [116.8147141, -1.2362549], [116.8132033, -1.2386134], [116.8132013, -1.2386294], [116.8132147, -1.2386918], [116.8132322, -1.2387099], [116.8132873, -1.238754], [116.8133072, -1.2387699], [116.813322, -1.2387818], [116.8133511, -1.2388051], [116.8133596, -1.2388118], [116.8134762, -1.2388909], [116.8135212, -1.2388822], [116.8135466, -1.2388647], [116.8135614, -1.238848], [116.8135735, -1.2388279], [116.8155375, -1.2360994], [116.8157065, -1.2362763], [116.8155844, -1.2364218], [116.8155263, -1.2365069], [116.8156692, -1.2365746], [116.815907, -1.2366658], [116.81582, -1.2368897], [116.8158253, -1.236891], [116.8158303, -1.2368914], [116.8159379, -1.2369803], [116.8158708, -1.2373067], [116.8158502, -1.2373668], [116.8158581, -1.2373706], [116.8158685, -1.2373774], [116.8158828, -1.2374066], [116.815905, -1.2374804], [116.8159823, -1.2376566], [116.815986, -1.237665], [116.8159901, -1.2376745], [116.8160579, -1.237829], [116.8161061, -1.2379725], [116.8161274, -1.2380882], [116.8161318, -1.2381008], [116.8161384, -1.2381196], [116.8162138, -1.2381132], [116.8162765, -1.2381119], [116.8173373, -1.2380221], [116.8173373, -1.2380811], [116.8178925, -1.2381065], [116.817981, -1.2381508], [116.8182653, -1.2381508], [116.8183686, -1.2381253], [116.8202421, -1.2382205], [116.8204688, -1.2382285], [116.8206109, -1.2382446], [116.8210334, -1.2383452], [116.8213767, -1.2384216], [116.8216798, -1.2384913], [116.8218058, -1.2385517], [116.8218715, -1.2386898], [116.8218689, -1.2388627], [116.8217449, -1.2391674], [116.8216878, -1.2393736], [116.8216167, -1.2395398], [116.8214719, -1.239623], [116.8213177, -1.2395935], [116.8208402, -1.2393763], [116.8205962, -1.2393012], [116.8202609, -1.2392315], [116.8196171, -1.2391993], [116.818437, -1.2391403], [116.8179595, -1.2391376], [116.8176109, -1.2391456], [116.8173265, -1.2391349], [116.817002, -1.2391376], [116.8166426, -1.2392583], [116.8162778, -1.2395532], [116.8158486, -1.2399877], [116.8158299, -1.2403792], [116.8158433, -1.2405106], [116.8158621, -1.2407975], [116.8158127, -1.2409583], [116.8156153, -1.2416315], [116.8155684, -1.2422992], [116.815335, -1.2423059], [116.8153739, -1.2430313], [116.8156314, -1.24305], [116.8156303, -1.2432158], [116.8155724, -1.2442996], [116.8155402, -1.2445973], [116.8155482, -1.2447662], [116.8155402, -1.2449057], [116.8155509, -1.2450317], [116.815559, -1.2451765], [116.8156207, -1.2461553], [116.8154839, -1.2461633], [116.8154436, -1.2478849], [116.8155053, -1.2478903], [116.8155912, -1.2478929], [116.815626, -1.2478997], [116.8155965, -1.2481035], [116.8155831, -1.2488583], [116.8155536, -1.2489978], [116.8155643, -1.2492525], [116.8155718, -1.2495503], [116.8155736, -1.2495961], [116.815559, -1.2498237], [116.815559, -1.2505611], [116.8156014, -1.2511386], [116.8156207, -1.2515882], [116.8156314, -1.251808], [116.8156368, -1.2520655], [116.8155482, -1.2523309], [116.8154329, -1.2524838], [116.8152706, -1.2525978], [116.8151781, -1.2526085], [116.8149126, -1.2526393], [116.8148415, -1.2526635], [116.8147865, -1.2526889], [116.8147342, -1.2527158], [116.8146537, -1.2528847], [116.814647, -1.2529531], [116.8146497, -1.2534465], [116.8146121, -1.2537468], [116.8144083, -1.2545352], [116.8143573, -1.2547739], [116.8143533, -1.255219], [116.8150266, -1.2552874], [116.8149561, -1.2560925], [116.8150058, -1.2560972], [116.8149836, -1.2561763], [116.8148831, -1.2563667], [116.8147168, -1.2566255], [116.8145974, -1.2568387], [116.8145679, -1.2569942], [116.8145773, -1.2570666], [116.8146457, -1.2571564], [116.8152438, -1.2573616], [116.8152653, -1.2573911], [116.8153498, -1.2576418], [116.8153779, -1.2578577], [116.815453, -1.258162], [116.8156032, -1.2584784], [116.8155925, -1.2586018], [116.816023, -1.2586983], [116.8160015, -1.2587801], [116.8155858, -1.2587104], [116.8155415, -1.2588512], [116.8151003, -1.2587821], [116.8150862, -1.2588351], [116.8157896, -1.2589893], [116.8157883, -1.2591059], [116.815044, -1.2589772], [116.8150386, -1.2590268], [116.815909, -1.2593419], [116.8159506, -1.2594425], [116.8157709, -1.2601236], [116.8156609, -1.2602711], [116.8154544, -1.2604722], [116.8143788, -1.2614308], [116.8143216, -1.2614947], [116.8142594, -1.2616212], [116.8141884, -1.2617768], [116.8140824, -1.2619363], [116.8136573, -1.2626335], [116.813436, -1.2628467], [116.8133596, -1.2628722], [116.8132147, -1.2628387], [116.8129733, -1.2633187], [116.8128553, -1.263505], [116.8128084, -1.2636324], [116.8127708, -1.2638], [116.8128231, -1.2641271], [116.8127802, -1.2645254], [116.8125657, -1.265118], [116.8125039, -1.26524], [116.812461, -1.2653566], [116.8123698, -1.2657039], [116.812453, -1.2659023], [116.8124677, -1.2662375], [116.811946, -1.267219], [116.8117905, -1.2673919], [116.8116859, -1.2674751], [116.8108061, -1.2681133], [116.810735, -1.2681723], [116.8104306, -1.2684337], [116.8103635, -1.2684981], [116.8101087, -1.268722], [116.8099384, -1.2687743], [116.8096782, -1.2686965], [116.8096232, -1.2687113], [116.8095642, -1.2687528], [116.8090385, -1.2693495], [116.8089688, -1.2694299], [116.8087113, -1.2697209], [116.8086456, -1.2697799], [116.8082593, -1.2700561], [116.8082044, -1.2700735], [116.8081534, -1.2700708], [116.8076465, -1.2697168], [116.8065079, -1.2708257], [116.8056482, -1.2719801], [116.8053317, -1.2734067], [116.8054346, -1.2734299], [116.8055356, -1.2734496], [116.8057461, -1.2724225], [116.8058118, -1.2723863], [116.8059687, -1.2724265], [116.8057622, -1.2733651], [116.8057662, -1.2734603], [116.8057837, -1.2736694], [116.8056013, -1.2736936], [116.8056267, -1.2738719], [116.8058494, -1.2738639], [116.806013, -1.2743425], [116.8061337, -1.274616], [116.8062088, -1.2748306], [116.8062142, -1.2748989], [116.8061163, -1.2750129], [116.8067479, -1.2757651], [116.8073396, -1.2762211], [116.8079563, -1.2765934], [116.8083342, -1.2767917], [116.8085209, -1.276886], [116.8089634, -1.2770898], [116.8091753, -1.2772399], [116.8093109, -1.2773573], [116.8096796, -1.2779988], [116.8097185, -1.2780806], [116.809748, -1.2781999], [116.8097761, -1.2784493], [116.8098097, -1.2786585], [116.8098365, -1.2787577], [116.8101168, -1.2793436], [116.8094422, -1.2796721], [116.8099692, -1.2809378], [116.8105935, -1.2806835], [116.8107302, -1.2807497], [116.8107952, -1.2807808], [116.8108385, -1.2808362], [116.8108558, -1.2809151], [116.8108088, -1.2811737], [116.8107498, -1.2814633], [116.810727, -1.2817395], [116.8107122, -1.2818562], [116.8107283, -1.2819814], [116.8108182, -1.2821512], [116.8109576, -1.2822919], [116.8110368, -1.2823322], [116.8111937, -1.2823228], [116.8112594, -1.282304], [116.8113259, -1.2822407], [116.8113546, -1.2821874], [116.8113975, -1.282064], [116.8114538, -1.2820305], [116.8116081, -1.2819742], [116.8127882, -1.2818227], [116.8136037, -1.2817147], [116.8140694, -1.2816699], [116.8141723, -1.2816819], [116.8142715, -1.2817167], [116.8144365, -1.2819219], [116.8145303, -1.2819688], [116.8146162, -1.2819661], [116.8147624, -1.2818978], [116.8148133, -1.2818079], [116.814837, -1.2817206], [116.8148415, -1.2816202], [116.8148804, -1.281584], [116.8168625, -1.2812864], [116.8196896, -1.2806589], [116.8211836, -1.2803425], [116.8221331, -1.2801306], [116.823049, -1.2800032], [116.8232287, -1.2808694], [116.8234634, -1.2808359], [116.8249735, -1.2805396], [116.8249722, -1.2803653], [116.8248501, -1.279656], [116.826379, -1.2792752], [116.8276075, -1.2789347], [116.8281412, -1.2788569], [116.8285087, -1.2788301], [116.8289097, -1.2788354], [116.8296513, -1.2787764], [116.8296526, -1.2785874], [116.8305069, -1.2784788], [116.8319231, -1.278283], [116.8331449, -1.2782214], [116.8332455, -1.2782763], [116.8332696, -1.2783192], [116.8332585, -1.278586], [116.8340716, -1.2785633], [116.8340702, -1.2784882], [116.8343984, -1.2784822], [116.8359518, -1.2784118], [116.8362468, -1.2783688], [116.8366492, -1.2783286], [116.8368423, -1.2782777], [116.8370247, -1.2782509], [116.8371722, -1.278224], [116.8373251, -1.2782026], [116.8374646, -1.2782214], [116.8375115, -1.2782602], [116.8375457, -1.2783072], [116.8375732, -1.2783501], [116.837588, -1.2783943], [116.837604, -1.2786048], [116.8376161, -1.2786504], [116.837647, -1.2786826], [116.8376845, -1.2787114], [116.8377214, -1.2787604], [116.8377288, -1.2787992], [116.8377301, -1.2788589], [116.8376711, -1.279833], [116.8376979, -1.2799429], [116.8377516, -1.2800099], [116.8389183, -1.2799992], [116.839723, -1.2799965], [116.8403533, -1.2799831], [116.8407369, -1.279967], [116.8407825, -1.2799402], [116.8407959, -1.2798491], [116.8407342, -1.2791478], [116.840758, -1.2791173], [116.8408083, -1.2790935], [116.8408926, -1.2790677], [116.840997, -1.2790446], [116.841103, -1.2790272], [116.8411902, -1.2790138], [116.8415442, -1.2789373], [116.8423945, -1.278763], [116.8424535, -1.2788462], [116.8427338, -1.2787885], [116.8426462, -1.2782178], [116.8426305, -1.2779183], [116.8439542, -1.2774826], [116.8440333, -1.2774611], [116.8440588, -1.2774658], [116.8440749, -1.2774786], [116.8441155, -1.2775941], [116.8441714, -1.2777709], [116.8442184, -1.2777655], [116.8442398, -1.2778191], [116.8442908, -1.2778111], [116.8443042, -1.2778379], [116.8446113, -1.2777226], [116.8445791, -1.2776207], [116.8452326, -1.2773704], [116.8452671, -1.2774223], [116.8458758, -1.2771966], [116.845892, -1.2771894], [116.8460199, -1.2771263], [116.8461607, -1.2770568], [116.846173, -1.2770508], [116.8462076, -1.2770351], [116.8464587, -1.2769097], [116.8468107, -1.2767532], [116.8470924, -1.2766312], [116.8473485, -1.2765025], [116.848062, -1.2762129], [116.8483362, -1.2760825], [116.8485528, -1.2759796], [116.8491912, -1.2757195], [116.8494621, -1.2756779], [116.8501219, -1.2756283], [116.8502131, -1.2755774], [116.8503231, -1.2755264], [116.8510446, -1.2754057], [116.8514657, -1.2753347], [116.8517929, -1.2752824], [116.8519136, -1.2752609], [116.8520981, -1.275222], [116.8523803, -1.2751805], [116.852847, -1.2751135], [116.8531662, -1.2750813], [116.8538153, -1.2750276], [116.8539787, -1.2750068], [116.8540546, -1.2749747], [116.8541145, -1.2748972], [116.8541413, -1.2747634], [116.8541506, -1.2747166], [116.8541855, -1.2746925], [116.8542364, -1.274679], [116.8542525, -1.2746965], [116.8543357, -1.2747809], [116.8547326, -1.2749468], [116.8550259, -1.2749617], [116.8551172, -1.2749721], [116.8552362, -1.2750303], [116.8554515, -1.2751215], [116.8557197, -1.2752046], [116.8558806, -1.2752824], [116.8560281, -1.2753548], [116.8566665, -1.2755479], [116.8573692, -1.2756659], [116.8581846, -1.2759018], [116.8589061, -1.2761056], [116.8599415, -1.2763899], [116.8611404, -1.2767358], [116.8613067, -1.2767572], [116.8621516, -1.2767841], [116.8627739, -1.276827], [116.8644181, -1.2766446], [116.8652147, -1.2764757], [116.866478, -1.2761619], [116.8669715, -1.2760788], [116.867229, -1.2760681], [116.8674486, -1.2760522], [116.8676475, -1.2760332], [116.868031, -1.2760332], [116.8690422, -1.2760386], [116.8692836, -1.2760869], [116.8696015, -1.2762089], [116.869981, -1.2762665], [116.8702304, -1.2762987], [116.8704289, -1.276288], [116.870673, -1.2762317], [116.8710592, -1.2760949], [116.8719068, -1.2759796], [116.8723628, -1.2758857], [116.872865, -1.2758555], [116.8731138, -1.2759126], [116.8732738, -1.2759756], [116.8734759, -1.2762732], [116.8742993, -1.2760815], [116.8742859, -1.2757812], [116.8751684, -1.2755318], [116.8757799, -1.2753012], [116.8765309, -1.2750759], [116.8783602, -1.274427], [116.8784192, -1.2743841], [116.8790415, -1.2741106], [116.8800768, -1.2737968], [116.8809459, -1.2735662], [116.8812959, -1.2743921], [116.8812959, -1.2744779], [116.8812852, -1.2745838], [116.8813401, -1.2748265], [116.8815507, -1.2753602], [116.881664, -1.2756605], [116.8817613, -1.2759052], [116.8818136, -1.2760077], [116.8819584, -1.2761639], [116.8820201, -1.2762223], [116.882124, -1.2762947], [116.8822695, -1.276359], [116.8833786, -1.2766258], [116.8838185, -1.2767177], [116.8838695, -1.2767271], [116.883954, -1.2767177], [116.8840257, -1.2766996], [116.8841618, -1.2766513], [116.8856639, -1.2760064], [116.8869245, -1.2754781], [116.8886813, -1.274738], [116.8910632, -1.2737566], [116.8931311, -1.2728824], [116.894711, -1.2722388], [116.8962076, -1.2716543], [116.8976238, -1.2710348], [116.8981656, -1.2708686], [116.8984553, -1.2708498], [116.8987906, -1.2708176], [116.8990695, -1.2707559], [116.89937, -1.2706353], [116.9000727, -1.2702733], [116.9004053, -1.2700641], [116.9005957, -1.2699783], [116.9008398, -1.2699113], [116.9010892, -1.2698844], [116.9013387, -1.2698174], [116.901513, -1.2697262], [116.902484, -1.2691336], [116.9033772, -1.2687233], [116.9047236, -1.2680127], [116.9054371, -1.2676628], [116.9056705, -1.2675716], [116.9058797, -1.2674281], [116.9061264, -1.2671305], [116.9063075, -1.2668529], [116.9064711, -1.2666129], [116.9066749, -1.2662845], [116.9069888, -1.2657991], [116.9071537, -1.2655403], [116.907257, -1.2653298], [116.9072999, -1.2651783], [116.9073133, -1.2649222], [116.9072972, -1.2648029], [116.9072396, -1.2646836], [116.9071001, -1.2644074], [116.90697, -1.2640775], [116.906852, -1.2638563], [116.9067688, -1.2636069], [116.9067407, -1.2635157], [116.906738, -1.2634433], [116.9068402, -1.2633808], [116.9070169, -1.2633817], [116.9071752, -1.2635506], [116.9074649, -1.2637008], [116.9075856, -1.2637061], [116.9079369, -1.2635881], [116.9084197, -1.2633575], [116.9086745, -1.2632664], [116.909101, -1.2631859], [116.909793, -1.263084], [116.9102892, -1.2630695], [116.9113723, -1.2631147], [116.9118543, -1.2630967], [116.9123338, -1.2630434], [116.9125912, -1.2630361], [116.9129194, -1.2629488], [116.9132407, -1.2629214], [116.9138729, -1.2628673], [116.9141684, -1.2628421], [116.914222, -1.2628348], [116.9142867, -1.2628119], [116.9141854, -1.262592], [116.91435, -1.2623904], [116.9145045, -1.2623058], [116.915458, -1.2619269], [116.917406, -1.2611576], [116.9180113, -1.2608744], [116.9189742, -1.2604427], [116.9195858, -1.2601531], [116.9202751, -1.2599064], [116.9213802, -1.2594478], [116.9225737, -1.2588337], [116.9235152, -1.2584825], [116.9252935, -1.2576217], [116.9261625, -1.2571283], [116.9264442, -1.2569111], [116.92756, -1.2562916], [116.92877, -1.2556057], [116.9300812, -1.2548865], [116.9313124, -1.2540847], [116.9313888, -1.254078], [116.9314948, -1.2540941], [116.9315498, -1.254145], [116.931598, -1.2541544], [116.9317415, -1.2541263], [116.9327742, -1.2536248], [116.9331913, -1.2533969], [116.9335225, -1.2531689], [116.9339356, -1.2528042], [116.9343567, -1.2524811], [116.9344734, -1.2524194], [116.934523, -1.2524744], [116.9347966, -1.2523122], [116.934987, -1.2521848], [116.9352257, -1.2520467], [116.935679, -1.2517785], [116.9354537, -1.2514514], [116.9354725, -1.2514165], [116.9355784, -1.2513401], [116.9362097, -1.2508675], [116.9364274, -1.2507166], [116.937409, -1.2501079], [116.9376102, -1.2499738], [116.9385812, -1.2493651], [116.9398472, -1.2485446], [116.9399115, -1.2485767], [116.9408315, -1.2478956], [116.9418991, -1.2472118], [116.9419876, -1.247118], [116.94206, -1.247059], [116.9438142, -1.2457825], [116.9441628, -1.2455412], [116.9446188, -1.2451872], [116.9449997, -1.2447153], [116.9453376, -1.2444042], [116.9456005, -1.2442326], [116.9459706, -1.2440288], [116.9461906, -1.2438625], [116.9471937, -1.2427095], [116.9476712, -1.2423179], [116.9491726, -1.2412305], [116.9504473, -1.2404167], [116.9508067, -1.2399421], [116.9516247, -1.2388668], [116.9522953, -1.2382151], [116.9525335, -1.2379524], [116.9532382, -1.2369846], [116.9534165, -1.2366705], [116.9535023, -1.2364828], [116.95363, -1.2362762], [116.9536716, -1.2362136], [116.9537571, -1.2361724], [116.9547924, -1.2356623], [116.9561309, -1.2349597], [116.9570026, -1.234587], [116.9578743, -1.2342893], [116.9588882, -1.2339809], [116.9595346, -1.2337181], [116.9596606, -1.2337154], [116.959843, -1.2339112], [116.9607702, -1.2334384], [116.9607416, -1.2333722], [116.9608703, -1.2329968], [116.9610769, -1.2326267], [116.9612485, -1.232506], [116.9614068, -1.2323907], [116.9619298, -1.2319027], [116.9625574, -1.2312081], [116.9630805, -1.2305324], [116.9636169, -1.2298244], [116.9642821, -1.2292452], [116.9645315, -1.2290495], [116.9655943, -1.2282759], [116.9661865, -1.2278937], [116.9667685, -1.2276255], [116.9684556, -1.2268425], [116.9685845, -1.2267765], [116.9690055, -1.226561], [116.9696787, -1.2261721], [116.9706282, -1.2256278], [116.9710198, -1.225255], [116.9716421, -1.2247991], [116.9718137, -1.2246329], [116.9721463, -1.2242172], [116.9722161, -1.2241636], [116.9722241, -1.2240617], [116.9721544, -1.2239035], [116.9721705, -1.2237185], [116.9722429, -1.2234315], [116.9723609, -1.2229167], [116.9724038, -1.2225359], [116.9724575, -1.2220585], [116.972664, -1.2215195], [116.9728249, -1.2210664], [116.973018, -1.2205434], [116.9733131, -1.2198784], [116.973415, -1.219629], [116.9735357, -1.2194172], [116.9737154, -1.2193153], [116.9739716, -1.2193367], [116.973993, -1.2193193], [116.9740051, -1.2192657], [116.973993, -1.2192187], [116.9739005, -1.2191664], [116.9738401, -1.2191423], [116.9737557, -1.2190753], [116.9737127, -1.2188648], [116.9737262, -1.2187468], [116.9737691, -1.2185993], [116.9738173, -1.2184759], [116.9738603, -1.2181783], [116.9738844, -1.2179611], [116.974154, -1.2174703], [116.97428, -1.2171338], [116.9743136, -1.2168576], [116.9743149, -1.2166578], [116.9741607, -1.2163441], [116.9740668, -1.2162368], [116.9739568, -1.2161403], [116.9737892, -1.2160598], [116.9737101, -1.2160129], [116.9735635, -1.2158998], [116.9733403, -1.2158139], [116.97312, -1.2157675], [116.972951, -1.2157273], [116.9727532, -1.2156569], [116.9727096, -1.2156522], [116.9725547, -1.2157306], [116.9723971, -1.2157554], [116.9722053, -1.2156777], [116.9719521, -1.2155549], [116.9721586, -1.2150445], [116.9723971, -1.2145393], [116.9730529, -1.2148249], [116.9731079, -1.2148504], [116.9731361, -1.214845], [116.9732031, -1.2146976], [116.9732527, -1.2146935], [116.9733386, -1.2147297], [116.9733721, -1.2147834], [116.9733413, -1.2150234], [116.9736296, -1.2150837], [116.9739783, -1.2151615], [116.9741043, -1.2152191], [116.9742022, -1.2152272], [116.9744503, -1.2152419], [116.9746663, -1.2153371], [116.974854, -1.2154833], [116.9749787, -1.2155731], [116.975204, -1.215793], [116.9752765, -1.2158882], [116.9754307, -1.2160397], [116.9755983, -1.2162596], [116.9757713, -1.2165345], [116.976002, -1.2168375], [116.9761173, -1.2169461], [116.9763097, -1.2170263], [116.9764727, -1.2170386], [116.9768134, -1.216985], [116.9770923, -1.2168831], [116.9772814, -1.2168107], [116.9774732, -1.2167664], [116.97761, -1.2167369], [116.9778219, -1.2166578], [116.9779721, -1.2165532], [116.9780834, -1.216391], [116.9781505, -1.2161805], [116.9783114, -1.2158801], [116.9784737, -1.2156442], [116.9787013, -1.2154694], [116.9789538, -1.2152848], [116.9794781, -1.2148558], [116.9797222, -1.2145769], [116.9798966, -1.214365], [116.9800454, -1.2141894], [116.9802885, -1.2138445], [116.9808568, -1.2132146], [116.9811693, -1.2129411], [116.9814354, -1.2126802], [116.9819297, -1.212032], [116.9821429, -1.2117719], [116.9822207, -1.2117223], [116.9823736, -1.2116794], [116.9824688, -1.2116579], [116.9825573, -1.2116352], [116.9828921, -1.2114332], [116.9834974, -1.2111256], [116.9838729, -1.2109031], [116.9841868, -1.2107261], [116.9848761, -1.2102514], [116.9859275, -1.2096508], [116.9869736, -1.2090635], [116.9883442, -1.2082992], [116.9891381, -1.2078594], [116.989291, -1.2077817], [116.990903, -1.2068217], [116.9914207, -1.2065347], [116.9917399, -1.2062558], [116.9920027, -1.2059689], [116.9922334, -1.2057705], [116.9926411, -1.2054674], [116.9931185, -1.2051832], [116.9933304, -1.2051054], [116.9935423, -1.204966], [116.9938695, -1.2047836], [116.9952106, -1.2040945], [116.9961038, -1.2034777], [116.9967931, -1.2029467], [116.9978633, -1.2022307], [116.9987163, -1.2016006], [116.9993372, -1.2011366], [116.999584, -1.2009583], [116.9998991, -1.200721], [117.0002103, -1.2004528], [117.0004678, -1.2001632], [117.0007682, -1.1998682], [117.0012349, -1.1993909], [117.0015085, -1.1991281], [117.0017284, -1.1988278], [117.0021683, -1.1980501], [117.0024312, -1.1976505], [117.0027396, -1.1973206], [117.0031419, -1.1965671], [117.0033511, -1.1960737], [117.0036006, -1.1956795], [117.0038608, -1.1950628], [117.0040727, -1.1944044], [117.0042926, -1.1940585], [117.004522, -1.1937622], [117.0046909, -1.1934283], [117.0048572, -1.193207], [117.0050517, -1.1929443], [117.0052447, -1.192711], [117.0055264, -1.1924133], [117.0058322, -1.1921532], [117.0059663, -1.1920339], [117.0060763, -1.1918877], [117.0063311, -1.1916437], [117.0065108, -1.1914613], [117.0066744, -1.1912548], [117.0069345, -1.190925], [117.0069602, -1.1908906], [117.0070204, -1.1908097], [117.007125, -1.1906971], [117.0073101, -1.1906139], [117.0075166, -1.1903887], [117.0076776, -1.1900079], [117.0081952, -1.189308], [117.0084447, -1.1889728], [117.0088095, -1.1886081], [117.0088322, -1.1885823], [117.0091286, -1.1882461], [117.0089394, -1.1881323], [117.0088121, -1.1880557], [117.0084822, -1.1878277], [117.0083615, -1.1877499], [117.0083159, -1.18764], [117.0082355, -1.1875006], [117.0082328, -1.1873692], [117.0082462, -1.1872351], [117.0082864, -1.1870635], [117.0083964, -1.186739], [117.0086431, -1.1862992], [117.0089543, -1.1859023], [117.0093057, -1.1855778], [117.0099252, -1.184953], [117.0105422, -1.1842665], [117.0107567, -1.1839957], [117.010915, -1.1837624], [117.0114246, -1.183041], [117.0119315, -1.1823009], [117.0120549, -1.1820568], [117.0121086, -1.1819228], [117.0121327, -1.1818423], [117.012181, -1.18155], [117.0122507, -1.1809922], [117.0124224, -1.1800268], [117.012637, -1.1788147], [117.0128408, -1.1779861], [117.0130232, -1.1772674], [117.0132834, -1.1762752], [117.0135194, -1.1754949], [117.013801, -1.1746877], [117.0140988, -1.1738054], [117.0142972, -1.1732423], [117.0143616, -1.1729473], [117.0143831, -1.1727864], [117.0143831, -1.1726175], [117.0143911, -1.1724539], [117.0144233, -1.1722823], [117.0144662, -1.1721106], [117.0145225, -1.171947], [117.0146218, -1.1718022], [117.0147747, -1.1716574], [117.0148739, -1.1715582], [117.0149249, -1.1714697], [117.0150188, -1.1713088], [117.0152038, -1.1710192], [117.0153218, -1.1708127], [117.0153969, -1.1706438], [117.0154506, -1.1705285], [117.0155096, -1.1703702], [117.0155901, -1.1701906], [117.0157108, -1.1698527], [117.0158046, -1.1695899], [117.0159656, -1.169185], [117.0161828, -1.1686406], [117.0163625, -1.1680613], [117.0165691, -1.1673641], [117.0167488, -1.1665703], [117.0167863, -1.1662754], [117.0167917, -1.1661171], [117.0167917, -1.1659241], [117.0167649, -1.1652376], [117.0166951, -1.1644492], [117.0165503, -1.1634221], [117.0164967, -1.1623038], [117.0164564, -1.1619713], [117.0163974, -1.1617273], [117.0163518, -1.1616254], [117.0162901, -1.1615583], [117.0161962, -1.1615101], [117.0161158, -1.1614564], [117.0160568, -1.1613787], [117.01603, -1.1612794], [117.0160139, -1.1611239], [117.0160219, -1.1609952], [117.0160246, -1.1607216], [117.016046, -1.16018], [117.0160782, -1.1597992], [117.0161426, -1.1594505], [117.0163786, -1.1587319], [117.0165557, -1.1579434], [117.0166308, -1.1573642], [117.0166308, -1.1569459], [117.0165718, -1.156195], [117.0165127, -1.1551384], [117.0164752, -1.1546289], [117.0164645, -1.1543876], [117.0164752, -1.1542186], [117.0165315, -1.1540792], [117.0166066, -1.1539585], [117.0167166, -1.153803], [117.0167997, -1.1536501], [117.0168346, -1.1535509], [117.0168856, -1.1533819], [117.0170143, -1.1528429], [117.0170626, -1.1525077], [117.0171162, -1.1521269], [117.0171645, -1.1519017], [117.0172504, -1.1515665], [117.0174006, -1.1510677], [117.0176125, -1.1504831], [117.0178968, -1.1498341], [117.0181221, -1.1493353], [117.0184439, -1.1485362], [117.0187658, -1.1479623], [117.0191735, -1.1472811], [117.0196992, -1.1464069], [117.0199782, -1.1458599], [117.0201713, -1.1454147], [117.0204663, -1.1448301], [117.0208687, -1.1440363], [117.0213032, -1.1432104], [117.0214802, -1.1428457], [117.0217484, -1.1422557], [117.0219845, -1.1417515], [117.0223331, -1.141065], [117.0225263, -1.1407861], [117.022665, -1.1406127], [117.0225315, -1.1404656], [117.0215904, -1.1395484], [117.0214838, -1.1393581], [117.0215218, -1.1390916], [117.0217731, -1.1385738], [117.0217503, -1.1383606], [117.0215218, -1.1381855], [117.0211564, -1.138018], [117.0207909, -1.1379951], [117.0205853, -1.1381093], [117.0204939, -1.1383073], [117.0204863, -1.1387413], [117.0204102, -1.1388936], [117.020197, -1.1388936], [117.0198467, -1.1386956], [117.0196716, -1.1384444], [117.0196259, -1.1381246], [117.0195193, -1.1380027], [117.0192071, -1.1378352], [117.0191386, -1.1376906], [117.0191995, -1.1375307], [117.019367, -1.1374088], [117.0196411, -1.1373022], [117.0197173, -1.1371423], [117.0197249, -1.1368301], [117.0196868, -1.1366626], [117.0196107, -1.1365941], [117.0193137, -1.1366322], [117.0191919, -1.1365408], [117.0192147, -1.1363657], [117.0193822, -1.1360916], [117.0194279, -1.1358479], [117.0193746, -1.1356271], [117.0192452, -1.1355129], [117.0190548, -1.1355129], [117.0184838, -1.1358784], [117.0183315, -1.1358251], [117.018301, -1.1356956], [117.018598, -1.1353834], [117.0185827, -1.1348809], [117.0184761, -1.1347438], [117.0183543, -1.1347286], [117.0180269, -1.1349037], [117.0178822, -1.1348885], [117.0177604, -1.1346601], [117.017631, -1.1345535], [117.0175015, -1.1345992], [117.0173568, -1.1347362], [117.0172274, -1.1347667], [117.0169076, -1.1346829], [117.0168543, -1.1347514], [117.0168695, -1.1350636], [117.0168238, -1.1352007], [117.0167325, -1.1352388], [117.0166106, -1.1352159], [117.0165117, -1.134919], [117.0166106, -1.1346068], [117.016603, -1.1344621], [117.0164584, -1.1342946], [117.0160929, -1.134622], [117.0159787, -1.1345992], [117.0159406, -1.1345078], [117.0159787, -1.1342489], [117.0159482, -1.1341423], [117.0156284, -1.1340662], [117.0154609, -1.1340814], [117.0153238, -1.1341423], [117.0152248, -1.1341347], [117.0150954, -1.1340129], [117.0149812, -1.1338301], [117.0147984, -1.1337007], [117.014433, -1.1332895], [117.0141817, -1.1331829], [117.0140675, -1.1330078], [117.013938, -1.1329545], [117.013839, -1.1327946], [117.0137324, -1.1327108], [117.013306, -1.1327032], [117.0128796, -1.1325738], [117.0123999, -1.1326271], [117.0119355, -1.1322311], [117.012103, -1.1319799], [117.0121334, -1.1318733], [117.0120725, -1.13182], [117.0118517, -1.131858], [117.0115776, -1.1316448], [117.0113568, -1.1317057], [117.0108695, -1.1315839], [117.0105275, -1.1314461], [117.010324, -1.13123], [117.010164, -1.130908], [117.00991, -1.130597], [117.009823, -1.130523], [117.009566, -1.130516], [117.009461, -1.130464], [117.009326, -1.130145], [117.009263, -1.130107], [117.008957, -1.130065], [117.008752, -1.129901], [117.008422, -1.129768], [117.008314, -1.12974], [117.007966, -1.12975], [117.007796, -1.129677], [117.007633, -1.129509], [117.007577, -1.129239], [117.0074, -1.129183], [117.007042, -1.129152], [117.006906, -1.128903], [117.006729, -1.128812], [117.006506, -1.128525], [117.006343, -1.128448], [117.006148, -1.128434], [117.005879, -1.128314], [117.005613, -1.12813], [117.005475, -1.127974], [117.005286, -1.128037], [117.005246, -1.128021], [117.005126, -1.12779], [117.004843, -1.127773], [117.004615, -1.127652], [117.004559, -1.127509], [117.004582, -1.127287], [117.0045, -1.127157], [117.004307, -1.12708], [117.004024, -1.12708], [117.003579, -1.126727], [117.003085, -1.126536], [117.002894, -1.126286], [117.00284, -1.126263], [117.002209, -1.126202], [117.002035, -1.126153], [117.001656, -1.12577], [117.00159, -1.125525], [117.001211, -1.125276], [117.000859, -1.125173], [117.000612, -1.125175], [117.000431, -1.125241], [117.000182, -1.125605], [117.000111, -1.125953], [117, -1.1261], [116.999836, -1.126183], [116.999642, -1.126156], [116.999218, -1.126181], [116.998992, -1.126081], [116.9987, -1.126034], [116.998176, -1.12603], [116.997578, -1.126279], [116.997187, -1.12621], [116.996993, -1.126244], [116.996798, -1.126333], [116.996629, -1.12635], [116.996268, -1.126487], [116.995983, -1.126452], [116.99571, -1.126644], [116.99568, -1.126886], [116.995611, -1.126966], [116.994874, -1.12743], [116.994604, -1.127467], [116.994197, -1.127481], [116.9934663, -1.1273484], [116.9933403, -1.1273675], [116.9931837, -1.127314], [116.9930654, -1.127314], [116.992539, -1.127447], [116.991965, -1.127496], [116.991694, -1.127687], [116.991208, -1.127701], [116.990914, -1.127531], [116.990806, -1.127582], [116.990735, -1.127684], [116.990665, -1.127719], [116.990505, -1.127678], [116.990365, -1.12753], [116.990255, -1.127528], [116.989996, -1.127446], [116.989567, -1.127418], [116.989381, -1.127503], [116.989129, -1.127682], [116.988911, -1.127712], [116.988784, -1.127797], [116.988585, -1.127831], [116.988367, -1.127939], [116.987656, -1.128503], [116.98742, -1.128371], [116.986061, -1.127402], [116.985899, -1.127386], [116.985181, -1.126902], [116.984939, -1.126923], [116.984708, -1.12701], [116.984183, -1.126921], [116.983869, -1.127022], [116.983686, -1.127012], [116.98337, -1.126576], [116.983126, -1.126466], [116.982723, -1.126193], [116.982273, -1.12607], [116.98185, -1.126181], [116.981757, -1.126011], [116.981739, -1.125836], [116.981691, -1.12577], [116.981565, -1.12578], [116.98147, -1.125687], [116.981423, -1.125567], [116.981162, -1.125479], [116.981053, -1.125329], [116.980651, -1.125162], [116.980399, -1.12515], [116.980147, -1.125231], [116.980011, -1.125185], [116.979737, -1.12532], [116.979549, -1.125351], [116.979262, -1.125516], [116.979054, -1.125565], [116.978897, -1.125561], [116.978457, -1.125458], [116.978217, -1.125526], [116.978101, -1.125621], [116.97787, -1.125502], [116.977725, -1.125477], [116.977512, -1.125325], [116.977295, -1.125274], [116.977232, -1.125152], [116.976872, -1.124898], [116.976683, -1.124882], [116.976432, -1.124773], [116.97633, -1.124789], [116.976258, -1.124755], [116.9761907, -1.1244204], [116.9761069, -1.1242514], [116.9760589, -1.1242415], [116.9760087, -1.1243024], [116.975963, -1.1242887], [116.9756615, -1.1240024], [116.9758907, -1.1236476], [116.9759257, -1.1235113], [116.9758876, -1.1233255], [116.9757803, -1.1231382], [116.9757787, -1.122995], [116.975318, -1.12328], [116.974979, -1.123289], [116.974844, -1.123393], [116.974689, -1.123447], [116.974511, -1.123395], [116.974171, -1.123434], [116.973814, -1.123244], [116.97352, -1.123198], [116.973402, -1.122919], [116.973287, -1.122886], [116.973181, -1.122724], [116.972487, -1.122634], [116.972019, -1.122461], [116.971841, -1.122357], [116.971593, -1.122304], [116.971396, -1.122283], [116.971072, -1.1223833], [116.970775, -1.122362], [116.970437, -1.122222], [116.9701679, -1.1221734], [116.9700062, -1.1221898], [116.969517, -1.122442], [116.9693143, -1.1223901], [116.969159, -1.122233], [116.9687606, -1.1223332], [116.96854, -1.122307], [116.9681767, -1.1221682], [116.9679057, -1.1222585], [116.9677679, -1.1222347], [116.9676062, -1.1222632], [116.967302, -1.1221111], [116.9668029, -1.1220494], [116.9664844, -1.1219258], [116.966242, -1.1219163], [116.9661089, -1.1218735], [116.9658997, -1.1216977], [116.9656288, -1.1216977], [116.9654766, -1.1216216], [116.9653245, -1.1217357], [116.9651106, -1.1217499], [116.9648492, -1.1219353], [116.9647636, -1.1220494], [116.964621, -1.1220208], [116.9644855, -1.1219283], [116.9643215, -1.1219638], [116.9639494, -1.1223426], [116.9636893, -1.1224011], [116.963557, -1.1224667], [116.9634278, -1.1224201], [116.9633613, -1.1224343], [116.9632424, -1.1226862], [116.9631189, -1.1227337], [116.9628146, -1.122691], [116.9624201, -1.122748], [116.9622585, -1.1230094], [116.9621349, -1.1230664], [116.961997, -1.123228], [116.9615787, -1.1234609], [116.9613077, -1.123556], [116.9600278, -1.1235556], [116.9597058, -1.1237318], [116.9593112, -1.1237271], [116.9591496, -1.1236843], [116.9588121, -1.1234942], [116.9586077, -1.1234894], [116.9582274, -1.1234134], [116.9581323, -1.1233563], [116.9577663, -1.1229524], [116.9576475, -1.1229476], [116.9572862, -1.1230332], [116.9569154, -1.1229381], [116.9567585, -1.1230427], [116.9564686, -1.1231045], [116.9564163, -1.1231948], [116.9564068, -1.1232993], [116.9562927, -1.1233944], [116.9561691, -1.1234562], [116.956055, -1.1234562], [116.9559694, -1.1233849], [116.9558744, -1.1233896], [116.9557365, -1.1235322], [116.9556367, -1.1235845], [116.9555939, -1.1234894], [116.9556605, -1.1233991], [116.9556272, -1.1233041], [116.9554513, -1.123266], [116.9553467, -1.1233611], [116.9551708, -1.1233849], [116.9549807, -1.1233183], [116.9547715, -1.1231853], [116.9547097, -1.123228], [116.9546765, -1.1233136], [116.9544863, -1.1233041], [116.9542724, -1.1235084], [116.9542819, -1.1235845], [116.9541964, -1.1236368], [116.9541203, -1.1235892], [116.9541108, -1.1234086], [116.9540633, -1.1233136], [116.953992, -1.123266], [116.9538779, -1.1232756], [116.9538636, -1.1233706], [116.9540347, -1.1235084], [116.9540538, -1.123537], [116.954011, -1.1235655], [116.9537638, -1.1235227], [116.9535546, -1.1236225], [116.9534976, -1.1236938], [116.9531791, -1.1235987], [116.9528273, -1.1236653], [116.9527608, -1.1237793], [116.9528749, -1.1238887], [116.9528083, -1.1239504], [116.9527227, -1.1239552], [116.9525849, -1.1238411], [116.952428, -1.1238126], [116.9522569, -1.1238839], [116.9522474, -1.123979], [116.9520667, -1.1240122], [116.9519954, -1.1239837], [116.9520953, -1.1238269], [116.9520287, -1.1237698], [116.9515343, -1.1237318], [116.9514155, -1.1237698], [116.9511018, -1.1239932], [116.9508974, -1.1240312], [116.9506739, -1.1238269], [116.9503887, -1.1239409], [116.9503602, -1.1240075], [116.9504695, -1.1241548], [116.9504743, -1.1242689], [116.9502794, -1.1243021], [116.9503127, -1.1244922], [116.9500655, -1.1245017], [116.9499229, -1.124573], [116.9495664, -1.1246253], [116.9494285, -1.1245303], [116.9493477, -1.1245493], [116.9492479, -1.1246871], [116.9491148, -1.1244685], [116.9487107, -1.1246301], [116.9486299, -1.1248582], [116.9484588, -1.1249342], [116.9482829, -1.1249295], [116.9482021, -1.1248107], [116.9479882, -1.1247394], [116.9477125, -1.1247441], [116.9475246, -1.1248714], [116.9474179, -1.124903], [116.9469141, -1.1247873], [116.9469564, -1.1248938], [116.947112, -1.125024], [116.9470762, -1.1250753], [116.9469852, -1.1250858], [116.94693, -1.124962], [116.946803, -1.1249668], [116.9463342, -1.1247408], [116.9461799, -1.1250164], [116.9459317, -1.1253251], [116.9457663, -1.1254078], [116.9456064, -1.1253692], [116.9456119, -1.1255512], [116.9457057, -1.1257], [116.9456891, -1.1257827], [116.9453031, -1.1260749], [116.9412723, -1.1229679], [116.9406389, -1.1205833], [116.9407495, -1.1206557], [116.94105, -1.120665], [116.94127, -1.1205559], [116.941541, -1.1203349], [116.9418547, -1.120342], [116.9419688, -1.120228], [116.9420758, -1.1201781], [116.9420972, -1.1201068], [116.941926, -1.1199143], [116.9419759, -1.1198501], [116.9422184, -1.1197432], [116.9423752, -1.1197289], [116.9424893, -1.1198145], [116.9426818, -1.120064], [116.9430027, -1.1197646], [116.9431667, -1.1196648], [116.9433664, -1.1196291], [116.9436302, -1.1197004], [116.9438798, -1.1196577], [116.9442434, -1.1192869], [116.9444858, -1.1189733], [116.9447283, -1.1185027], [116.9449065, -1.1184742], [116.9450064, -1.1185241], [116.9451111, -1.1186667], [116.946889, -1.119407], [116.9469583, -1.1192137], [116.9468176, -1.1188405], [116.946789, -1.1186681], [116.9470459, -1.118017], [116.9469983, -1.1176628], [116.9469032, -1.1173372], [116.9468176, -1.117117], [116.9466654, -1.1168872], [116.9464086, -1.1167052], [116.9457902, -1.1166095], [116.9456476, -1.1165042], [116.9453051, -1.116102], [116.9450768, -1.1159296], [116.944135, -1.1156711], [116.9437736, -1.1154509], [116.9431267, -1.1140912], [116.9429745, -1.1132486], [116.9428509, -1.1129039], [116.9426796, -1.1126549], [116.9421184, -1.1122432], [116.9415191, -1.1121283], [116.9413193, -1.1121283], [116.9408722, -1.1122049], [116.9401207, -1.1119655], [116.9398544, -1.1118506], [116.9392741, -1.1114867], [116.9390268, -1.1112665], [116.9385416, -1.1107015], [116.9383514, -1.1106824], [116.9376189, -1.1108164], [116.936991, -1.1108834], [116.9367247, -1.1106536], [116.9357068, -1.1104334], [116.9353263, -1.1102993], [116.9350695, -1.1102419], [116.9343085, -1.1102801], [116.9339089, -1.1101174], [116.9335094, -1.1100503], [116.9323203, -1.1105865], [116.9318351, -1.1106535], [116.9315497, -1.1105673], [116.9309314, -1.1101269], [116.9306651, -1.1098875], [116.9305224, -1.1096481], [116.9308458, -1.1084704], [116.9310837, -1.1078863], [116.9311313, -1.1076469], [116.9310837, -1.1067948], [116.9309981, -1.1064022], [116.9308174, -1.1061724], [116.930513, -1.1060192], [116.9302561, -1.1059521], [116.9299517, -1.1057223], [116.9298683, -1.1055544], [116.929809, -1.1054351], [116.929809, -1.1050521], [116.9299803, -1.1047457], [116.9303513, -1.1037403], [116.9304369, -1.1031179], [116.9303894, -1.102936], [116.9296664, -1.1025434], [116.9294191, -1.1022753], [116.9292764, -1.1020551], [116.9290671, -1.1019497], [116.9284012, -1.1017965], [116.9272864, -1.1007739], [116.9264759, -1.1002683], [116.925928, -1.1000155], [116.9255969, -1.0999351], [116.9250147, -1.1001648], [116.9247294, -1.1001533], [116.9245011, -1.1000269], [116.9237363, -1.0988779], [116.9233139, -1.0984643], [116.9230057, -1.0980621], [116.9228916, -1.0977404], [116.9227546, -1.0969935], [116.9223437, -1.09581], [116.9221611, -1.0950287], [116.922104, -1.0946725], [116.9220698, -1.0932937], [116.9219899, -1.0929605], [116.9216931, -1.0926043], [116.9212707, -1.092363], [116.919958, -1.0919953], [116.9195014, -1.0918114], [116.9191818, -1.0915127], [116.9190676, -1.0910875], [116.9187823, -1.0903292], [116.9185982, -1.0900227], [116.914722, -1.085972], [116.908247, -1.081789], [116.908299, -1.081464], [116.908263, -1.081214], [116.908132, -1.080909], [116.907985, -1.080729], [116.907841, -1.080677], [116.907481, -1.080779], [116.907243, -1.08079], [116.907035, -1.08066], [116.906744, -1.080304], [116.906603, -1.079859], [116.906493, -1.078768], [116.906276, -1.077992], [116.905917, -1.076944], [116.905744, -1.075726], [116.905474, -1.075008], [116.905421, -1.074752], [116.905712, -1.072474], [116.905697, -1.072207], [116.905655, -1.072076], [116.905238, -1.071391], [116.90509, -1.071229], [116.90441, -1.071194], [116.904098, -1.071238], [116.903702, -1.071238], [116.903384, -1.071092], [116.903307, -1.07103], [116.903195, -1.070837], [116.903195, -1.070624], [116.903403, -1.070019], [116.903436, -1.069808], [116.903445, -1.069594], [116.903337, -1.0691], [116.903344, -1.068975], [116.903511, -1.067999], [116.903561, -1.066727], [116.903803, -1.065519], [116.903816, -1.065053], [116.903778, -1.064766], [116.903725, -1.064658], [116.903369, -1.064444], [116.90298, -1.064363], [116.902561, -1.064104], [116.902341, -1.063886], [116.902081, -1.063468], [116.901839, -1.063252], [116.901433, -1.063066], [116.900638, -1.062883], [116.900088, -1.062811], [116.899092, -1.062217], [116.898957, -1.062165], [116.898787, -1.062155], [116.898434, -1.06229], [116.897854, -1.062647], [116.89768, -1.062808], [116.897216, -1.063439], [116.897102, -1.063535], [116.896626, -1.063827], [116.896411, -1.063809], [116.896243, -1.063743], [116.896097, -1.063632], [116.895466, -1.062992], [116.894587, -1.062608], [116.8943799, -1.0624863], [116.894194, -1.062377], [116.894061, -1.062261], [116.893781, -1.061836], [116.893724, -1.061567], [116.89366, -1.060848], [116.893487, -1.06064], [116.893159, -1.060486], [116.89272, -1.060375], [116.891034, -1.060103], [116.890597, -1.059899], [116.89, -1.059438], [116.889666, -1.059387], [116.88918, -1.059369], [116.888954, -1.059316], [116.888394, -1.05884], [116.888302, -1.058822], [116.886259, -1.059163], [116.885908, -1.059251], [116.885729, -1.059392], [116.885462, -1.059845], [116.885252, -1.06012], [116.884851, -1.060482], [116.884701, -1.060558], [116.88441, -1.060629], [116.884101, -1.060631], [116.883171, -1.060483], [116.882837, -1.060316], [116.882612, -1.060076], [116.882469, -1.059832], [116.882393, -1.059562], [116.882318, -1.05843], [116.882217, -1.058164], [116.882023, -1.057829], [116.881634, -1.057369], [116.881307, -1.05706], [116.880777, -1.056697], [116.880272, -1.056456], [116.879526, -1.056402], [116.878877, -1.056473], [116.878458, -1.056448], [116.878289, -1.05649], [116.877985, -1.056634], [116.877786, -1.056656], [116.87726, -1.056629], [116.876946, -1.056573], [116.875399, -1.056974], [116.874173, -1.057334], [116.873526, -1.057456], [116.873304, -1.057432], [116.873133, -1.057362], [116.8725, -1.056892], [116.872355, -1.056822], [116.872225, -1.05682], [116.871798, -1.056939], [116.870432, -1.057476], [116.869836, -1.057665], [116.869493, -1.057701], [116.868817, -1.057654], [116.868412, -1.057697], [116.867715, -1.058091], [116.866912, -1.058618], [116.866521, -1.058744], [116.865953, -1.058699], [116.865693, -1.058717], [116.865454, -1.05864], [116.863972, -1.058503], [116.863458, -1.058387], [116.862878, -1.058136], [116.86261, -1.058074], [116.862158, -1.05813], [116.861049, -1.058608], [116.860645, -1.058715], [116.860436, -1.05872], [116.859838, -1.058324], [116.859283, -1.057902], [116.858743, -1.057381], [116.858074, -1.056483], [116.857862, -1.05612], [116.85748, -1.055372], [116.857321, -1.054848], [116.857226, -1.054744], [116.857011, -1.054631], [116.856483, -1.054395], [116.853753, -1.053393], [116.853097, -1.053313], [116.851625, -1.053823], [116.851093, -1.053899], [116.850706, -1.053881], [116.850287, -1.05377], [116.849789, -1.053526], [116.849348, -1.053372], [116.84866, -1.05316], [116.847922, -1.053005], [116.847503, -1.052847], [116.847118, -1.052592], [116.846776, -1.052094], [116.84651, -1.051532], [116.846349, -1.050417], [116.846544, -1.04962], [116.84655, -1.049358], [116.846305, -1.048354], [116.845717, -1.047533], [116.845312, -1.047245], [116.845041, -1.047207], [116.844834, -1.047226], [116.843858, -1.047618], [116.842846, -1.047802], [116.841241, -1.048211], [116.840605, -1.048323], [116.8403, -1.048317], [116.840049, -1.048246], [116.839499, -1.048021], [116.839235, -1.047875], [116.83916, -1.047797], [116.838926, -1.047405], [116.838844, -1.046979], [116.838865, -1.046711], [116.839079, -1.045934], [116.83907, -1.045606], [116.838832, -1.045186], [116.838476, -1.044819], [116.838285, -1.04456], [116.837591, -1.0431], [116.837504, -1.042843], [116.837573, -1.042219], [116.837003, -1.041045], [116.836928, -1.040485], [116.837165, -1.039517], [116.837278, -1.039203], [116.837353, -1.038716], [116.837544, -1.038427], [116.837869, -1.037731], [116.83797, -1.037626], [116.838045, -1.037562], [116.838173, -1.037541], [116.838546, -1.03755], [116.838703, -1.037588], [116.839131, -1.037798], [116.839441, -1.037795], [116.839635, -1.037737], [116.839875, -1.037608], [116.840078, -1.037419], [116.840191, -1.037206], [116.840206, -1.036988], [116.840151, -1.036568], [116.840061, -1.036308], [116.840003, -1.035886], [116.840003, -1.035399], [116.840281, -1.03488], [116.840657, -1.034], [116.840794, -1.033225], [116.840495, -1.032237], [116.840006, -1.03156], [116.8398809, -1.0314106], [116.839797, -1.031391], [116.839674, -1.031221], [116.839304, -1.030452], [116.8393048, -1.0298527], [116.8392677, -1.0296001], [116.8392963, -1.0291501], [116.8393439, -1.0289681], [116.8395611, -1.0285867], [116.8399321, -1.02868], [116.8405956, -1.028558], [116.8414375, -1.0281631], [116.8417657, -1.0278902], [116.8419369, -1.0273875], [116.8419583, -1.026655], [116.8421409, -1.0262394], [116.842182, -1.025178], [116.8422938, -1.0242488], [116.8424163, -1.0238921], [116.8425552, -1.0226931], [116.8426408, -1.0222431], [116.842774, -1.0218361], [116.8428691, -1.021367], [116.8429643, -1.0211659], [116.8431973, -1.0208739], [116.8436538, -1.0205594], [116.8459513, -1.0195766], [116.8469072, -1.0190359], [116.847987, -1.0183606], [116.8483152, -1.017992], [116.8487433, -1.0173505], [116.8491381, -1.0169915], [116.8498563, -1.0165558], [116.8503937, -1.0163452], [116.8507137, -1.0161758], [116.851481, -1.0159363], [116.8516719, -1.0158181], [116.851507, -1.015584], [116.850868, -1.01491], [116.850586, -1.014732], [116.849772, -1.014588], [116.84683, -1.013661], [116.845402, -1.013378], [116.844629, -1.013304], [116.843268, -1.013572], [116.842672, -1.014072], [116.842182, -1.013996], [116.842115, -1.013911], [116.841936, -1.013921], [116.841611, -1.014063], [116.840263, -1.01447], [116.839512, -1.014739], [116.838999, -1.01523], [116.838088, -1.015873], [116.837863, -1.01599], [116.837575, -1.016017], [116.837216, -1.015809], [116.836879, -1.015795], [116.836448, -1.015981], [116.835779, -1.016368], [116.834388, -1.017491], [116.834042, -1.017543], [116.83383, -1.017684], [116.833749, -1.017803], [116.833333, -1.018125], [116.833087, -1.018212], [116.832946, -1.018342], [116.832713, -1.018433], [116.832515, -1.018414], [116.832335, -1.018442], [116.8322, -1.018568], [116.832236, -1.018704], [116.831652, -1.018849], [116.831508, -1.019012], [116.831319, -1.019147], [116.831158, -1.019382], [116.831153, -1.019617], [116.83123, -1.019898], [116.831221, -1.020215], [116.831131, -1.020296], [116.83087, -1.020396], [116.830751, -1.020524], [116.830045, -1.020651], [116.82927, -1.020486], [116.828776, -1.02092], [116.828743, -1.020985], [116.828044, -1.021491], [116.827791, -1.021536], [116.82736, -1.020837], [116.827092, -1.020599], [116.826834, -1.020468], [116.826482, -1.020465], [116.825634, -1.021432], [116.82483, -1.021662], [116.824407, -1.021725], [116.823805, -1.022748], [116.82358, -1.023019], [116.823491, -1.023309], [116.823598, -1.023399], [116.823634, -1.023806], [116.823733, -1.02396], [116.823239, -1.024458], [116.82225, -1.024847], [116.821549, -1.024865], [116.820911, -1.025154], [116.820749, -1.025389], [116.820696, -1.025997], [116.820713, -1.026321], [116.820623, -1.026412], [116.820325, -1.027157], [116.82003, -1.027434], [116.819679, -1.027651], [116.819266, -1.027977], [116.81931, -1.028147], [116.819194, -1.028339], [116.819189, -1.028407], [116.819383, -1.028402], [116.819248, -1.028818], [116.818313, -1.030076], [116.817811, -1.030518], [116.817145, -1.030863], [116.81616, -1.031217], [116.815632, -1.031613], [116.815312, -1.032184], [116.814687, -1.032808], [116.814479, -1.033998], [116.814479, -1.034429], [116.814367, -1.035151], [116.814016, -1.035549], [116.813431, -1.035857], [116.812883, -1.036392], [116.812568, -1.036638], [116.812486, -1.036884], [116.812456, -1.037389], [116.812575, -1.037954], [116.812575, -1.038177], [116.812701, -1.038568], [116.81292, -1.03886], [116.813274, -1.039129], [116.813319, -1.039308], [116.813126, -1.040259], [116.812407, -1.041267], [116.811427, -1.041665], [116.810304, -1.041972], [116.809774, -1.042262], [116.809288, -1.042253], [116.808641, -1.041864], [116.808336, -1.04197], [116.807474, -1.042565], [116.806105, -1.042743], [116.805504, -1.042877], [116.8051, -1.043248], [116.804983, -1.043537], [116.804939, -1.045046], [116.805082, -1.045781], [116.804794, -1.046197], [116.804183, -1.046161], [116.803967, -1.046242], [116.803778, -1.046586], [116.803517, -1.047762], [116.803259, -1.048446], [116.803158, -1.048576], [116.802888, -1.048748], [116.802286, -1.048775], [116.801612, -1.049219], [116.801369, -1.04949], [116.801117, -1.050322], [116.800587, -1.050594], [116.800273, -1.050503], [116.799867, -1.050291], [116.799005, -1.04968], [116.798322, -1.049644], [116.798097, -1.049743], [116.797711, -1.050096], [116.797576, -1.050159], [116.797154, -1.05006], [116.796668, -1.049625], [116.795877, -1.049318], [116.794455, -1.049125], [116.793702, -1.048811], [116.793001, -1.04834], [116.792777, -1.048295], [116.792489, -1.048159], [116.7923, -1.048114], [116.791464, -1.048205], [116.790637, -1.048793], [116.790062, -1.04872], [116.789046, -1.048232], [116.787968, -1.047444], [116.787096, -1.046422], [116.786629, -1.04596], [116.785487, -1.045544], [116.784813, -1.045354], [116.784445, -1.044902], [116.784409, -1.044748], [116.78467, -1.043373], [116.784642, -1.043099], [116.784211, -1.042757], [116.783816, -1.042631], [116.782908, -1.04283], [116.78271, -1.042966], [116.782381, -1.043442], [116.782162, -1.044078], [116.781721, -1.044648], [116.780822, -1.045119], [116.779555, -1.045481], [116.778252, -1.046608], [116.778, -1.046991], [116.777533, -1.047561], [116.776571, -1.047986], [116.775777, -1.048078], [116.774962, -1.04843], [116.774557, -1.048819], [116.774441, -1.049714], [116.774617, -1.051571], [116.774989, -1.052573], [116.774836, -1.053342], [116.773915, -1.054481], [116.772337, -1.055586], [116.771932, -1.056246], [116.771824, -1.056608], [116.771869, -1.057848], [116.771716, -1.059169], [116.771348, -1.06039], [116.771096, -1.06077], [116.770005, -1.061619], [116.769325, -1.062018], [116.769028, -1.062753], [116.76875, -1.064452], [116.768507, -1.064958], [116.768292, -1.065157], [116.76742, -1.065519], [116.76697, -1.066162], [116.766143, -1.066867], [116.765406, -1.068179], [116.765002, -1.069056], [116.764993, -1.069464], [116.765271, -1.070269], [116.765235, -1.070884], [116.765027, -1.071392], [116.764552, -1.071635], [116.763376, -1.071483], [116.76249, -1.071238], [116.761775, -1.071146], [116.761298, -1.071246], [116.761114, -1.071789], [116.760626, -1.072892], [116.760282, -1.073127], [116.759707, -1.073335], [116.759159, -1.073127], [116.758333, -1.072953], [116.756624, -1.07272], [116.755914, -1.072249], [116.75542, -1.072204], [116.754695, -1.072645], [116.754233, -1.072982], [116.753564, -1.073227], [116.752433, -1.072951], [116.751492, -1.072448], [116.750593, -1.072177], [116.749667, -1.07233], [116.747886, -1.072006], [116.747636, -1.071878], [116.747187, -1.071308], [116.746656, -1.071], [116.745123, -1.071528], [116.744023, -1.071724], [116.742917, -1.071389], [116.741781, -1.071669], [116.741229, -1.073236], [116.741229, -1.0733475], [116.740846, -1.0734241], [116.7404749, -1.0739746], [116.740315, -1.0740698], [116.7402935, -1.074387], [116.7402077, -1.0747893], [116.7400843, -1.0752077], [116.7399448, -1.0755992], [116.7396551, -1.0763715], [116.7395103, -1.0767845], [116.7394566, -1.0770527], [116.7394406, -1.0773477], [116.7394137, -1.0777875], [116.7393279, -1.0784204], [116.7392528, -1.0788226], [116.7391777, -1.0792088], [116.7390865, -1.0795145], [116.738947, -1.0799758], [116.7386788, -1.0809841], [116.7383623, -1.0818584], [116.7382121, -1.0823035], [116.7381048, -1.0827004], [116.7379975, -1.0832475], [116.7379117, -1.0835425], [116.7377937, -1.0838375], [116.7374879, -1.0844757], [116.7373913, -1.0847707], [116.7373055, -1.0851354], [116.7372143, -1.0854841], [116.737107, -1.0858166], [116.7369246, -1.086192], [116.7366564, -1.0866613], [116.7363533, -1.0871333], [116.736179, -1.087372], [116.7358839, -1.087675], [116.7357177, -1.0878091], [116.7356184, -1.0879003], [116.7355648, -1.0879781], [116.7355299, -1.0881121], [116.7354816, -1.088375], [116.7354494, -1.0885627], [116.7353582, -1.0888201], [116.7352992, -1.0889864], [116.7351544, -1.089217], [116.734913, -1.089571], [116.7346448, -1.089925], [116.7343765, -1.0902629], [116.7340976, -1.0905471], [116.7337489, -1.090928], [116.7332715, -1.0913249], [116.7330569, -1.091467], [116.732904, -1.0915448], [116.7327484, -1.0915903], [116.7325124, -1.0916225], [116.7322469, -1.0916306], [116.7321181, -1.0916493], [116.732035, -1.0916869], [116.7319733, -1.0917566], [116.731925, -1.0918719], [116.7319062, -1.0921079], [116.7318901, -1.092427], [116.7318767, -1.0928105], [116.7318392, -1.0930251], [116.7317158, -1.0935292], [116.7313832, -1.0946931], [116.7313349, -1.0949452], [116.7313403, -1.0951383], [116.7313349, -1.0953957], [116.7313135, -1.0956907], [116.7312652, -1.0959106], [116.7311311, -1.0964148], [116.7309433, -1.0969296], [116.7306536, -1.0974874], [116.7302084, -1.0981632], [116.7301118, -1.0983992], [116.7300314, -1.0986996], [116.7300045, -1.0989892], [116.7299509, -1.0993164], [116.7298812, -1.0996114], [116.7297095, -1.1000619], [116.7294949, -1.1004588], [116.7289907, -1.1011668], [116.7288458, -1.1014403], [116.7287975, -1.1017728]]], [[[116.7311646, -1.0769873], [116.7313534, -1.078429], [116.7317654, -1.0796647], [116.7321345, -1.0805314], [116.732804, -1.0799136], [116.7331044, -1.0792185], [116.7333275, -1.0778111], [116.7335335, -1.0757086], [116.7335936, -1.0741039], [116.7334992, -1.071066], [116.733276, -1.0704481], [116.7331387, -1.0702593], [116.732864, -1.0704824], [116.7319886, -1.0723875], [116.731568, -1.0735975], [116.7313019, -1.0754254], [116.7311646, -1.0769873]]]]}}, {"type": "Feature", "properties": {"WADMKK": "Kota Samarinda"}, "geometry": {"type": "Polygon", "coordinates": [[[117.05395, -0.54653], [117.054166, -0.55065], [117.0578711, -0.5525077], [117.0579996, -0.5532073], [117.0577904, -0.5552565], [117.058569, -0.557525], [117.059899, -0.55931], [117.0609638, -0.5603482], [117.062811, -0.562064], [117.06289, -0.56306], [117.0637226, -0.5651918], [117.063855, -0.565646], [117.064912, -0.5679924], [117.065308, -0.569011], [117.0660808, -0.5702319], [117.067422, -0.572694], [117.0675544, -0.5739576], [117.0678173, -0.5741706], [117.0682168, -0.5746972], [117.0683499, -0.5754632], [117.067347, -0.576505], [117.0715528, -0.5808722], [117.070425, -0.5847917], [117.0708986, -0.5859905], [117.0702362, -0.5885386], [117.0698681, -0.5915356], [117.0712006, -0.5919639], [117.0721048, -0.5922018], [117.0729852, -0.592297], [117.073699, -0.5922494], [117.0746508, -0.5919639], [117.0758405, -0.5913214], [117.0763164, -0.5908931], [117.0768399, -0.5904886], [117.0777203, -0.5896558], [117.0781248, -0.5888468], [117.0784817, -0.5879188], [117.078791, -0.586967], [117.0789814, -0.5862532], [117.0793145, -0.5846114], [117.0795763, -0.583612], [117.0797666, -0.5826602], [117.0803853, -0.5813277], [117.0810515, -0.5802332], [117.0816464, -0.5790196], [117.0825506, -0.5769257], [117.0830032, -0.5761006], [117.0856424, -0.5768666], [117.0880187, -0.5771435], [117.0882166, -0.5772584], [117.088411, -0.577493], [117.08867, -0.577278], [117.088942, -0.577222], [117.089461, -0.577233], [117.089958, -0.576973], [117.090173, -0.576792], [117.090309, -0.576781], [117.090614, -0.576916], [117.09093, -0.576916], [117.091235, -0.577052], [117.091269, -0.577165], [117.091167, -0.577267], [117.090817, -0.577267], [117.090693, -0.577312], [117.090648, -0.577459], [117.090693, -0.577594], [117.091066, -0.577809], [117.09145, -0.578182], [117.091551, -0.578193], [117.091721, -0.577945], [117.091834, -0.577922], [117.091947, -0.577967], [117.091981, -0.578125], [117.091958, -0.578261], [117.092015, -0.578442], [117.092139, -0.578532], [117.092229, -0.578543], [117.092271, -0.578252], [117.092358, -0.578176], [117.092449, -0.578151], [117.09257, -0.578216], [117.092591, -0.578303], [117.092542, -0.578428], [117.09263, -0.578781], [117.092622, -0.578881], [117.092664, -0.578947], [117.092731, -0.578963], [117.09285, -0.57872], [117.092982, -0.578561], [117.093069, -0.578535], [117.093173, -0.578618], [117.093215, -0.578792], [117.093274, -0.578883], [117.093357, -0.578932], [117.09378, -0.578915], [117.09383, -0.57894], [117.093863, -0.578998], [117.093856, -0.579247], [117.093973, -0.579445], [117.094315, -0.579791], [117.094504, -0.580129], [117.0946562, -0.5802869], [117.094718, -0.580351], [117.09472, -0.580521], [117.094547, -0.580667], [117.094539, -0.580725], [117.094954, -0.581612], [117.094959, -0.581695], [117.094854, -0.581783], [117.094644, -0.581784], [117.094537, -0.581835], [117.09448, -0.581968], [117.094768, -0.58216], [117.094687, -0.58236], [117.094744, -0.582639], [117.094839, -0.582661], [117.095158, -0.582613], [117.095429, -0.582756], [117.095512, -0.582846], [117.095493, -0.583024], [117.095362, -0.583154], [117.0953557, -0.5835832], [117.094944, -0.583833], [117.0949702, -0.583902], [117.0951772, -0.5840115], [117.0952486, -0.5840876], [117.0953723, -0.5841138], [117.0957554, -0.5839853], [117.0958316, -0.5840329], [117.0958339, -0.5840757], [117.095734, -0.58414], [117.0957031, -0.5842209], [117.0958387, -0.5844445], [117.0958078, -0.5845421], [117.0954675, -0.5846182], [117.0953818, -0.5847087], [117.0951368, -0.5851489], [117.094998, -0.5852943], [117.0949381, -0.585301], [117.0947589, -0.5851372], [117.0946732, -0.5851048], [117.0945838, -0.5851352], [117.094519, -0.5852114], [117.0945594, -0.5856496], [117.0944269, -0.5857608], [117.0941155, -0.5858186], [117.0940477, -0.5858537], [117.0939921, -0.5859405], [117.093983, -0.5860166], [117.0940173, -0.5860501], [117.0941338, -0.5859999], [117.0942152, -0.5860844], [117.0941647, -0.5863026], [117.094059, -0.5864092], [117.0939305, -0.5864491], [117.0938258, -0.5865348], [117.0935479, -0.5870364], [117.0933176, -0.5871154], [117.0930777, -0.5873381], [117.0930753, -0.5874976], [117.0932742, -0.5875366], [117.093584, -0.5877693], [117.0937348, -0.5878178], [117.0938781, -0.587953], [117.0939005, -0.5880672], [117.0937553, -0.5881562], [117.0937629, -0.5882909], [117.0935402, -0.588219], [117.0934112, -0.5880306], [117.0933503, -0.5880367], [117.0932628, -0.5881138], [117.0931591, -0.5884822], [117.0932509, -0.5885498], [117.0935146, -0.5886083], [117.0935274, -0.588723], [117.0934693, -0.5888001], [117.0932809, -0.5888491], [117.0932121, -0.5889613], [117.0931928, -0.5890734], [117.0932227, -0.5891646], [117.0933792, -0.589243], [117.0933938, -0.5893898], [117.0933425, -0.5894883], [117.0932882, -0.589546], [117.0930507, -0.5895237], [117.0929839, -0.5897059], [117.0931192, -0.5897967], [117.0932563, -0.5898281], [117.0934304, -0.5896191], [117.0936109, -0.5896636], [117.093628, -0.5896893], [117.0934619, -0.5899189], [117.0934078, -0.5902948], [117.0935125, -0.5903557], [117.0937713, -0.59027], [117.093817, -0.5903443], [117.0936805, -0.5905373], [117.0935058, -0.590533], [117.093298, -0.5906084], [117.0932993, -0.5908278], [117.0932536, -0.5908697], [117.0930232, -0.5909268], [117.0929928, -0.5910029], [117.0930023, -0.5912028], [117.0929031, -0.5912892], [117.0927594, -0.5912607], [117.0927108, -0.591313], [117.092708, -0.5914596], [117.092791, -0.5917187], [117.0928614, -0.59181], [117.0929299, -0.5918638], [117.093046, -0.5918324], [117.0931774, -0.5918976], [117.0932235, -0.5918586], [117.0934211, -0.5918462], [117.0935087, -0.5919528], [117.0933754, -0.5921508], [117.0932745, -0.592225], [117.092889, -0.592264], [117.0927107, -0.5923882], [117.09271, -0.592444], [117.0928158, -0.5925515], [117.0928114, -0.5925934], [117.0925987, -0.5927371], [117.0926425, -0.5930531], [117.0927663, -0.593093], [117.0930839, -0.59296], [117.09405, -0.593275], [117.097236, -0.595165], [117.0986111, -0.5956667], [117.0993611, -0.5958056], [117.0999559, -0.596244], [117.1025713, -0.5990757], [117.1053394, -0.6010118], [117.1056809, -0.6010751], [117.1067773, -0.6010389], [117.1117, -0.598972], [117.114208, -0.598521], [117.1164178, -0.5999102], [117.120976, -0.60399], [117.12501, -0.610192], [117.1267007, -0.6117442], [117.1324879, -0.6141133], [117.1389398, -0.6161034], [117.1395538, -0.6160974], [117.1401648, -0.6165428], [117.1406999, -0.6169984], [117.1417564, -0.6175838], [117.1420371, -0.6178122], [117.1426701, -0.6188164], [117.1430413, -0.6192494], [117.1445794, -0.6202103], [117.1450374, -0.6205494], [117.1453525, -0.6207218], [117.145043, -0.621089], [117.144983, -0.621438], [117.144726, -0.621797], [117.144546, -0.622186], [117.144457, -0.623167], [117.144469, -0.623646], [117.144439, -0.623831], [117.144307, -0.624363], [117.144152, -0.624782], [117.144038, -0.625285], [117.143906, -0.625518], [117.143589, -0.625841], [117.143129, -0.626122], [117.142273, -0.62626], [117.141472, -0.626619], [117.141113, -0.62681], [117.140849, -0.627002], [117.140754, -0.627097], [117.139272, -0.629359], [117.139224, -0.629574], [117.139033, -0.629901], [117.138482, -0.630587], [117.138267, -0.630738], [117.138004, -0.631081], [117.137908, -0.631353], [117.137852, -0.631568], [117.137804, -0.632118], [117.138108, -0.632884], [117.138179, -0.633825], [117.138133, -0.634807], [117.138032, -0.635277], [117.138066, -0.635513], [117.138335, -0.63605], [117.138772, -0.636689], [117.139142, -0.637529], [117.139175, -0.637899], [117.139108, -0.638101], [117.138839, -0.638538], [117.138705, -0.638941], [117.13857, -0.63921], [117.13857, -0.639647], [117.138873, -0.64042], [117.139108, -0.640857], [117.138805, -0.641496], [117.138469, -0.641764], [117.137461, -0.642739], [117.137293, -0.643075], [117.137192, -0.643613], [117.137495, -0.64442], [117.137562, -0.645159], [117.137696, -0.645865], [117.137696, -0.646268], [117.137742, -0.646419], [117.137638, -0.646723], [117.137554, -0.646853], [117.137586, -0.647027], [117.13756, -0.647098], [117.137379, -0.647319], [117.137483, -0.64761], [117.137327, -0.647791], [117.137327, -0.647875], [117.136833, -0.648291], [117.136615, -0.648601], [117.136502, -0.648827], [117.136323, -0.649041], [117.136167, -0.649165], [117.136119, -0.649363], [117.136183, -0.649518], [117.136406, -0.649805], [117.136425, -0.649897], [117.136275, -0.65012], [117.135857, -0.650348], [117.13527, -0.650509], [117.134158, -0.650577], [117.133677, -0.650448], [117.133509, -0.650318], [117.133276, -0.650208], [117.133036, -0.650383], [117.132641, -0.650532], [117.13235, -0.650577], [117.132033, -0.650525], [117.131839, -0.650584], [117.131865, -0.650669], [117.131804, -0.650781], [117.131839, -0.650988], [117.131761, -0.651497], [117.131701, -0.651644], [117.131615, -0.651782], [117.131494, -0.651886], [117.131338, -0.65186], [117.131261, -0.651946], [117.130855, -0.652671], [117.130855, -0.652826], [117.130734, -0.652896], [117.130648, -0.652896], [117.130544, -0.65299], [117.130251, -0.653025], [117.130147, -0.653172], [117.129932, -0.653301], [117.129699, -0.653508], [117.129699, -0.653603], [117.129776, -0.653793], [117.129759, -0.653948], [117.129621, -0.654121], [117.129509, -0.654406], [117.129319, -0.654708], [117.129172, -0.654846], [117.129077, -0.654872], [117.128905, -0.65482], [117.128568, -0.654811], [117.128283, -0.654872], [117.12805, -0.655113], [117.127602, -0.655286], [117.127463, -0.655433], [117.127327, -0.655739], [117.127338, -0.655791], [117.127499, -0.655854], [117.127523, -0.655903], [117.127482, -0.655914], [117.12742, -0.655862], [117.12731, -0.655876], [117.127229, -0.655963], [117.127136, -0.656173], [117.126947, -0.656225], [117.127114, -0.656482], [117.1271, -0.656602], [117.127158, -0.656845], [117.127294, -0.656897], [117.127448, -0.657095], [117.12755, -0.657143], [117.127555, -0.657226], [117.127502, -0.657274], [117.127482, -0.657367], [117.127516, -0.657449], [117.127735, -0.657643], [117.12774, -0.657993], [117.127639, -0.658194], [117.127617, -0.658438], [117.127643, -0.65858], [117.127963, -0.659126], [117.127985, -0.659257], [117.127974, -0.659334], [117.127916, -0.659392], [117.127708, -0.659472], [117.127548, -0.659651], [117.127533, -0.659782], [117.127705, -0.659815], [117.127726, -0.659869], [117.127657, -0.660015], [117.127468, -0.660088], [117.127534, -0.660182], [117.127573, -0.660338], [117.127469, -0.660506], [117.127469, -0.660765], [117.127573, -0.661011], [117.127624, -0.661308], [117.127605, -0.661464], [117.127476, -0.661619], [117.127489, -0.661749], [117.127612, -0.661917], [117.127592, -0.662189], [117.127683, -0.662286], [117.127741, -0.662448], [117.127456, -0.6627], [117.12732, -0.662694], [117.127204, -0.66259], [117.127139, -0.66259], [117.127016, -0.662804], [117.126841, -0.66292], [117.1269, -0.663075], [117.126925, -0.663367], [117.1269, -0.663632], [117.126641, -0.663878], [117.126427, -0.663917], [117.126362, -0.663975], [117.12644, -0.664305], [117.126408, -0.664409], [117.126191, -0.664556], [117.1262266, -0.6647215], [117.1266264, -0.6647203], [117.1267799, -0.6647584], [117.1286998, -0.6654105], [117.1299566, -0.6655762], [117.1301356, -0.66566], [117.1302536, -0.6657609], [117.1303354, -0.6658484], [117.1303944, -0.6659874], [117.1306319, -0.6670143], [117.130639, -0.6672617], [117.1305819, -0.6676805], [117.1304487, -0.6682445], [117.1304433, -0.6688905], [117.1305564, -0.6691165], [117.1317253, -0.6691314], [117.1318383, -0.6692117], [117.1319811, -0.6693991], [117.1320584, -0.6699404], [117.1321595, -0.6701308], [117.1323261, -0.6702795], [117.1328585, -0.6706245], [117.1328674, -0.6707524], [117.1329923, -0.6708535], [117.133962, -0.6713324], [117.1343724, -0.6717458], [117.1346707, -0.6722247], [117.134942, -0.6725602], [117.135249, -0.6728172], [117.1355059, -0.6728957], [117.1356915, -0.6730313], [117.1358272, -0.6732027], [117.1359842, -0.6735596], [117.136168, -0.6737809], [117.1363108, -0.6739165], [117.1367105, -0.6740985], [117.1368676, -0.6741307], [117.1371112, -0.6742627], [117.138058, -0.674063], [117.139007, -0.673174], [117.140047, -0.672587], [117.144611, -0.672797], [117.145511, -0.672964], [117.1452342, -0.676216], [117.1452687, -0.6774176], [117.145278, -0.67774], [117.1466153, -0.6838883], [117.14725, -0.6893056], [117.1490085, -0.6920319], [117.1503611, -0.6955278], [117.152536, -0.700038], [117.154329, -0.701583], [117.1593002, -0.7107986], [117.162221, -0.716541], [117.162501, -0.716694], [117.164156, -0.716764], [117.165042, -0.716608], [117.165564, -0.716139], [117.166242, -0.715356], [117.166659, -0.714991], [117.167806, -0.714783], [117.169006, -0.714313], [117.170935, -0.714366], [117.172187, -0.714574], [117.173325, -0.714995], [117.174012, -0.7152], [117.175733, -0.7152], [117.177387, -0.715018], [117.178246, -0.715141], [117.179299, -0.715155], [117.180291, -0.715529], [117.180554, -0.715506], [117.182776, -0.713842], [117.183638, -0.713127], [117.184184, -0.712602], [117.1849307, -0.7121462], [117.1848296, -0.7118529], [117.1847916, -0.7116111], [117.184763, -0.7104526], [117.1850935, -0.7092341], [117.1850982, -0.7089924], [117.1850364, -0.7087434], [117.1851482, -0.7084705], [117.1852314, -0.7078817], [117.1853526, -0.7076758], [117.1854076, -0.7072281], [117.1853872, -0.7069016], [117.1852682, -0.7065922], [117.185054, -0.7062591], [117.1846257, -0.7057356], [117.1844354, -0.7054501], [117.184401, -0.705335], [117.1843972, -0.7051033], [117.1845418, -0.7046705], [117.1845741, -0.7042166], [117.1845208, -0.7038643], [117.1843496, -0.7035024], [117.1843191, -0.7031749], [117.1845055, -0.7027574], [117.1848822, -0.7022461], [117.1852006, -0.7019483], [117.1855457, -0.7017289], [117.1855885, -0.7016392], [117.1856065, -0.7011329], [117.185765, -0.7007133], [117.1857312, -0.700307], [117.1859107, -0.6997156], [117.1859848, -0.6989057], [117.1861087, -0.6986702], [117.1861351, -0.6985119], [117.1860058, -0.6981452], [117.1859954, -0.6979889], [117.1861874, -0.6974474], [117.1867152, -0.6965426], [117.1870148, -0.69615], [117.1874573, -0.6958133], [117.1883615, -0.6946949], [117.1889504, -0.694254], [117.1891026, -0.6940578], [117.1891882, -0.6938902], [117.1892895, -0.6931007], [117.1894561, -0.6927438], [117.1897416, -0.6923393], [117.1899319, -0.6919586], [117.1900509, -0.6912685], [117.1900271, -0.690745], [117.1900985, -0.6901026], [117.1902651, -0.6894839], [117.1904792, -0.688889], [117.1904643, -0.6869865], [117.1906462, -0.6855539], [117.1907124, -0.6838058], [117.1906995, -0.6830859], [117.1909239, -0.68274], [117.1910248, -0.6824687], [117.1912536, -0.6820966], [117.1925671, -0.6809068], [117.194366, -0.6793364], [117.1953177, -0.6778992], [117.1970024, -0.6766238], [117.2002099, -0.6747583], [117.2017994, -0.6734544], [117.203835, -0.671266], [117.20471, -0.67097], [117.2056773, -0.6709774], [117.2069336, -0.6712486], [117.2081451, -0.6714014], [117.210034, -0.671095], [117.212113, -0.670414], [117.215935, -0.668632], [117.218539, -0.667483], [117.2192195, -0.6670617], [117.2227271, -0.6646756], [117.2257347, -0.6620487], [117.2285139, -0.6586603], [117.2314121, -0.6548294], [117.2332205, -0.6515695], [117.2334346, -0.6497135], [117.2332919, -0.6478338], [117.2324829, -0.6456922], [117.228895, -0.640095], [117.2281771, -0.6390389], [117.2282902, -0.6373499], [117.2292182, -0.6361078], [117.2310457, -0.6351084], [117.2364423, -0.6343946], [117.2404826, -0.6331382], [117.2424956, -0.632096], [117.2446657, -0.6294691], [117.2461648, -0.6265995], [117.2480538, -0.6240726], [117.248693, -0.623482], [117.251009, -0.6223351], [117.2558706, -0.6209732], [117.2596396, -0.6195265], [117.2622475, -0.6172993], [117.2655217, -0.613911], [117.2681296, -0.6110556], [117.2695001, -0.609133], [117.2700331, -0.6072295], [117.2702996, -0.6035746], [117.2701252, -0.5999514], [117.270201, -0.598793], [117.2705954, -0.5973208], [117.2706909, -0.5971056], [117.2717371, -0.5965502], [117.2727643, -0.5962246], [117.2738486, -0.5960905], [117.2764458, -0.5966461], [117.278988, -0.597825], [117.2797274, -0.5979029], [117.281769, -0.598118], [117.283347, -0.597297], [117.284041, -0.596603], [117.284546, -0.59553], [117.284546, -0.592752], [117.282274, -0.589344], [117.277287, -0.584673], [117.270407, -0.581075], [117.261127, -0.577224], [117.2596075, -0.5767812], [117.258097, -0.576341], [117.248161, -0.57417], [117.244652, -0.574005], [117.239373, -0.574361], [117.235897, -0.575575], [117.235556, -0.5704484], [117.235565, -0.5698785], [117.235683, -0.569375], [117.2358499, -0.5691541], [117.2368722, -0.5666199], [117.2365831, -0.5661988], [117.2365616, -0.566031], [117.2365552, -0.5644418], [117.2365545, -0.5642678], [117.2366473, -0.5622584], [117.2366009, -0.5619479], [117.2364795, -0.5616373], [117.2362939, -0.561309], [117.2378239, -0.5615636], [117.2382879, -0.5605999], [117.2384723, -0.5603798], [117.2383653, -0.5565489], [117.2406317, -0.5567749], [117.246394, -0.5577], [117.2493271, -0.5540921], [117.2494051, -0.553914], [117.2494235, -0.5537473], [117.2493684, -0.5534894], [117.2494695, -0.553259], [117.2495378, -0.5531962], [117.2496538, -0.5531692], [117.25, -0.5531467], [117.2503982, -0.5530434], [117.2506074, -0.5528423], [117.2506264, -0.5525838], [117.2505028, -0.5522199], [117.2505313, -0.5519997], [117.2512351, -0.5510901], [117.2513873, -0.55064], [117.2515299, -0.5504102], [117.2517487, -0.5503336], [117.2522813, -0.5504006], [117.2526142, -0.5506208], [117.2528235, -0.5508889], [117.2528746, -0.551096], [117.2528746, -0.5512875], [117.2524003, -0.5520559], [117.2523765, -0.552233], [117.2524003, -0.5524293], [117.2526857, -0.5529942], [117.2526999, -0.5531235], [117.2526476, -0.5532527], [117.2523956, -0.5533868], [117.2520579, -0.5534155], [117.25192, -0.5534539], [117.2517631, -0.5535544], [117.2516775, -0.5537028], [117.251706, -0.5538704], [117.2519676, -0.5542055], [117.2521864, -0.5543012], [117.2524051, -0.5542677], [117.2527238, -0.5541528], [117.253594, -0.5537554], [117.25377, -0.5537554], [117.2538794, -0.5538416], [117.2540744, -0.5542916], [117.2541077, -0.5545788], [117.2541125, -0.5555746], [117.2542076, -0.5557613], [117.254355, -0.5558619], [117.254512, -0.5558954], [117.2547022, -0.5558283], [117.2548924, -0.5556225], [117.2551349, -0.5548517], [117.2552776, -0.5546458], [117.2553774, -0.5545931], [117.2555867, -0.5545692], [117.2557864, -0.5545979], [117.2564855, -0.5550479], [117.2568898, -0.5551915], [117.257042, -0.5551436], [117.2572179, -0.5550239], [117.2572988, -0.5548947], [117.2572845, -0.5546792], [117.2572226, -0.5544734], [117.2570324, -0.5542196], [117.255696, -0.5533867], [117.255463, -0.5531473], [117.2552252, -0.5528074], [117.2549303, -0.5517925], [117.2548447, -0.5512994], [117.2548256, -0.5508589], [117.254916, -0.5506435], [117.2550824, -0.5505094], [117.255344, -0.5504376], [117.2556911, -0.550495], [117.2579834, -0.5514285], [117.258264, -0.5515577], [117.2583972, -0.5516966], [117.2585113, -0.5518928], [117.2585303, -0.5521179], [117.2585304, -0.5524195], [117.2584591, -0.5530323], [117.2584591, -0.5535972], [117.2585066, -0.553894], [117.258773, -0.5542962], [117.2589537, -0.5544254], [117.2592153, -0.5544828], [117.2596908, -0.554344], [117.2601474, -0.5539514], [117.2604897, -0.5534295], [117.2608036, -0.5531088], [117.2610652, -0.552922], [117.2613552, -0.5528885], [117.2616644, -0.5529651], [117.2618879, -0.5531614], [117.2619593, -0.5538867], [117.2618808, -0.5542673], [117.2615812, -0.5550501], [117.2614029, -0.5557682], [117.261403, -0.556235], [117.2615159, -0.5564684], [117.2617953, -0.5567616], [117.2621044, -0.5570189], [117.2628178, -0.5574737], [117.2635713, -0.5582203], [117.2640818, -0.5585197], [117.2651957, -0.5589517], [117.2671337, -0.5595357], [117.2674618, -0.5596841], [117.2675728, -0.5597703], [117.2681667, -0.5497778], [117.264851, -0.5495924], [117.2649167, -0.546], [117.2648305, -0.5443979], [117.264627, -0.5429531], [117.2645833, -0.5398056], [117.2637222, -0.5398056], [117.2629167, -0.53975], [117.2628094, -0.5376315], [117.2627778, -0.5306667], [117.2629167, -0.5301111], [117.2680833, -0.5317222], [117.26825, -0.5299722], [117.2691389, -0.5300556], [117.2695, -0.5255556], [117.2641639, -0.5249556], [117.2637157, -0.5246028], [117.2628553, -0.5245724], [117.26265, -0.5246389], [117.2620672, -0.5245571], [117.2616028, -0.5245571], [117.2603083, -0.5244277], [117.2597068, -0.5244581], [117.2585, -0.5246389], [117.2571944, -0.5238056], [117.2579755, -0.5217872], [117.2580003, -0.5213311], [117.2584074, -0.5197497], [117.2583075, -0.5186075], [117.2578363, -0.5166659], [117.2578649, -0.5154238], [117.258079, -0.5144387], [117.2584788, -0.513782], [117.2595255, -0.513094], [117.2599357, -0.5129386], [117.2600071, -0.5126816], [117.2600264, -0.5123436], [117.2602208, -0.5121817], [117.2606995, -0.5119035], [117.2614847, -0.5112611], [117.2631408, -0.5104354], [117.2630576, -0.5098168], [117.2628672, -0.5092814], [117.2609517, -0.5054742], [117.2613205, -0.5036183], [117.2618678, -0.5011912], [117.2632003, -0.4948856], [117.2638335, -0.491613], [117.2656773, -0.4874498], [117.2663198, -0.4861078], [117.2663103, -0.485477], [117.2661549, -0.4849938], [117.2651711, -0.4840272], [117.2644807, -0.4835784], [117.264358, -0.483198], [117.2646401, -0.4818335], [117.2649915, -0.4791359], [117.2641124, -0.4782189], [117.2639459, -0.4778263], [117.2640054, -0.4775407], [117.2642314, -0.4770053], [117.2645504, -0.4766816], [117.2662509, -0.4753153], [117.2681694, -0.4735908], [117.2691305, -0.4730017], [117.2698588, -0.4724165], [117.2705534, -0.4698175], [117.2703191, -0.46809], [117.2689997, -0.4664637], [117.2682632, -0.4643465], [117.2678643, -0.4624133], [117.2686928, -0.4599893], [117.268889, -0.455925], [117.267877, -0.455047], [117.267496, -0.454631], [117.266968, -0.453935], [117.266413, -0.453338], [117.266049, -0.45313], [117.265594, -0.453157], [117.265325, -0.453066], [117.264629, -0.452967], [117.264147, -0.452958], [117.263785, -0.452876], [117.263462, -0.452713], [117.263205, -0.452533], [117.263041, -0.452288], [117.262904, -0.451945], [117.262862, -0.4517], [117.26288, -0.450967], [117.263064, -0.450597], [117.263259, -0.450063], [117.26336, -0.449619], [117.263804, -0.44857], [117.264293, -0.446715], [117.264475, -0.446254], [117.264668, -0.44553], [117.264908, -0.444128], [117.264991, -0.443295], [117.264958, -0.44268], [117.265006, -0.44211], [117.26485, -0.441377], [117.264549, -0.440789], [117.264265, -0.440382], [117.264141, -0.440138], [117.264017, -0.439749], [117.263973, -0.439459], [117.263837, -0.439206], [117.263421, -0.43907], [117.263059, -0.439143], [117.262684, -0.438998], [117.26248, -0.438817], [117.262372, -0.438618], [117.262354, -0.438184], [117.262455, -0.437777], [117.262653, -0.437397], [117.262729, -0.437116], [117.262684, -0.436646], [117.262736, -0.436519], [117.263385, -0.435813], [117.263502, -0.435506], [117.26356, -0.433506], [117.263935, -0.432276], [117.264131, -0.431787], [117.264619, -0.431127], [117.264789, -0.430828], [117.265397, -0.430068], [117.266398, -0.428548], [117.26679, -0.427662], [117.266892, -0.427255], [117.2671062, -0.4258533], [117.2673458, -0.4251693], [117.2689823, -0.4226054], [117.2700187, -0.4218962], [117.2718118, -0.4218841], [117.2726682, -0.4218783], [117.2738611, -0.4207372], [117.2749508, -0.4198873], [117.2759041, -0.4192336], [117.276557, -0.4191919], [117.2773917, -0.418841], [117.278137, -0.417649], [117.279541, -0.4174333], [117.2808805, -0.4164719], [117.2827234, -0.4146376], [117.2841311, -0.4135493], [117.2848364, -0.4125627], [117.2852361, -0.4113063], [117.2854075, -0.4100119], [117.2862469, -0.4086008], [117.295089, -0.402414], [117.2952451, -0.3968056], [117.2959706, -0.3939254], [117.2964768, -0.3921002], [117.2965727, -0.3910377], [117.296004, -0.389092], [117.295934, -0.388721], [117.295954, -0.38807], [117.296114, -0.386767], [117.29619, -0.386387], [117.296545, -0.385772], [117.296756, -0.385473], [117.29706, -0.385166], [117.297322, -0.384686], [117.297797, -0.384026], [117.298194, -0.383555], [117.29823, -0.383311], [117.298214, -0.38294], [117.297452, -0.381873], [117.29726, -0.381466], [117.297329, -0.380389], [117.297419, -0.379982], [117.297588, -0.379511], [117.297761, -0.378208], [117.297854, -0.376969], [117.297863, -0.376526], [117.29782, -0.376137], [117.297595, -0.375241], [117.297213, -0.374581], [117.296914, -0.374219], [117.296631, -0.373938], [117.296078, -0.373558], [117.295296, -0.373196], [117.294881, -0.372952], [117.29438, -0.3725], [117.293973, -0.372029], [117.293522, -0.371197], [117.293452, -0.370835], [117.293462, -0.370528], [117.293629, -0.369894], [117.293679, -0.369523], [117.293593, -0.369089], [117.293416, -0.368754], [117.29321, -0.368211], [117.292875, -0.367072], [117.292246, -0.365868], [117.292003, -0.365642], [117.291816, -0.365606], [117.291348, -0.365715], [117.290361, -0.365], [117.290149, -0.365002], [117.289599, -0.364727], [117.289242, -0.36459], [117.288682, -0.364195], [117.287874, -0.363797], [117.287711, -0.363634], [117.287643, -0.363444], [117.28751, -0.363373], [117.287194, -0.363305], [117.286906, -0.363444], [117.286548, -0.363085], [117.285751, -0.362673], [117.28529, -0.36253], [117.28454, -0.36244], [117.283923, -0.362268], [117.283063, -0.361969], [117.28282, -0.361825], [117.281428, -0.360576], [117.28066, -0.360151], [117.280085, -0.36016], [117.279203, -0.360232], [117.2786372, -0.3605762], [117.2782565, -0.3607237], [117.2781899, -0.360481], [117.277945, -0.359904], [117.277505, -0.359574], [117.276955, -0.359574], [117.276769, -0.35969], [117.27637, -0.359436], [117.275904, -0.359581], [117.275689, -0.359563], [117.275244, -0.359246], [117.274935, -0.359102], [117.274735, -0.359228], [117.274686, -0.359672], [117.274594, -0.359753], [117.27446, -0.35978], [117.274313, -0.359744], [117.274228, -0.359473], [117.274269, -0.359418], [117.27428, -0.359255], [117.274425, -0.359093], [117.274478, -0.358948], [117.274379, -0.35845], [117.274296, -0.358278], [117.274161, -0.358152], [117.273828, -0.358251], [117.273724, -0.358523], [117.273549, -0.358486], [117.273347, -0.358324], [117.27324, -0.358324], [117.273121, -0.358378], [117.273094, -0.358486], [117.273262, -0.359065], [117.273249, -0.359265], [117.27313, -0.359319], [117.272996, -0.35931], [117.272793, -0.35912], [117.272589, -0.358857], [117.272482, -0.358785], [117.272254, -0.358794], [117.272188, -0.358939], [117.27223, -0.359029], [117.272246, -0.359237], [117.272098, -0.359292], [117.271791, -0.359228], [117.27171, -0.359292], [117.271633, -0.359554], [117.271541, -0.359699], [117.271396, -0.359798], [117.271114, -0.359753], [117.271048, -0.359853], [117.27101, -0.360079], [117.270971, -0.360133], [117.270371, -0.36035], [117.270319, -0.36054], [117.27031, -0.36092], [117.270245, -0.361056], [117.269887, -0.361409], [117.269407, -0.361689], [117.269114, -0.361816], [117.26889, -0.362033], [117.268759, -0.362332], [117.2686, -0.36244], [117.268427, -0.362531], [117.268266, -0.36254], [117.2677553, -0.3627394], [117.26744, -0.3627572], [117.2671961, -0.3627037], [117.2668867, -0.3627921], [117.266172, -0.363173], [117.265627, -0.363558], [117.2653699, -0.3638756], [117.2647988, -0.364173], [117.2640017, -0.3642801], [117.2636046, -0.3642318], [117.26352, -0.36425], [117.263305, -0.364196], [117.263143, -0.364214], [117.262999, -0.364386], [117.262961, -0.364548], [117.262788, -0.364702], [117.262295, -0.364874], [117.262098, -0.365318], [117.261965, -0.365345], [117.261737, -0.365245], [117.261628, -0.365073], [117.26144, -0.365055], [117.260959, -0.365182], [117.260424, -0.36511], [117.259751, -0.364829], [117.259441, -0.364567], [117.259293, -0.364485], [117.258732, -0.364585], [117.258498, -0.364496], [117.2581806, -0.3644639], [117.2543, -0.3630321], [117.238995, -0.357385], [117.233596, -0.357373], [117.233783, -0.357094], [117.233999, -0.356859], [117.234157, -0.356506], [117.234027, -0.355972], [117.233911, -0.355701], [117.233887, -0.35552], [117.233853, -0.355502], [117.233851, -0.355366], [117.233885, -0.355222], [117.233987, -0.355104], [117.234078, -0.355041], [117.234352, -0.355004], [117.234488, -0.354742], [117.234487, -0.354679], [117.234418, -0.35457], [117.234257, -0.354434], [117.2342, -0.354308], [117.234199, -0.35419], [117.2343, -0.353982], [117.234471, -0.35381], [117.234502, -0.353503], [117.234604, -0.353249], [117.235105, -0.353077], [117.235185, -0.35296], [117.235195, -0.352842], [117.235024, -0.352679], [117.234781, -0.352607], [117.23461, -0.352498], [117.234289, -0.352507], [117.234105, -0.352399], [117.234048, -0.352254], [117.234126, -0.352064], [117.234274, -0.351974], [117.234628, -0.351892], [117.234742, -0.351765], [117.234809, -0.351585], [117.234785, -0.351386], [117.234647, -0.351304], [117.234521, -0.351313], [117.234293, -0.351458], [117.234065, -0.351485], [117.233893, -0.35144], [117.233846, -0.351376], [117.233869, -0.351232], [117.234118, -0.350997], [117.234174, -0.350861], [117.234151, -0.350779], [117.234037, -0.350689], [117.233647, -0.350734], [117.23351, -0.35068], [117.233464, -0.35058], [117.233463, -0.350454], [117.233576, -0.350336], [117.233747, -0.350273], [117.234068, -0.350227], [117.234295, -0.350101], [117.234317, -0.349947], [117.234236, -0.349793], [117.233938, -0.349739], [117.233685, -0.349549], [117.233329, -0.349449], [117.232916, -0.349169], [117.2324, -0.349024], [117.232124, -0.348816], [117.23202, -0.348662], [117.232032, -0.348581], [117.232111, -0.348472], [117.232202, -0.348427], [117.232339, -0.348418], [117.232511, -0.348418], [117.233061, -0.348545], [117.233358, -0.348527], [117.233414, -0.3484], [117.233322, -0.348264], [117.233046, -0.34821], [117.232806, -0.348237], [117.232703, -0.348201], [117.2326, -0.348101], [117.232575, -0.347776], [117.232654, -0.347522], [117.232969, -0.346971], [117.232946, -0.346771], [117.232877, -0.346672], [117.232874, -0.346373], [117.233032, -0.346129], [117.23318, -0.346084], [117.233261, -0.346129], [117.233309, -0.34631], [117.233378, -0.346419], [117.233573, -0.346428], [117.233733, -0.346319], [117.233765, -0.346066], [117.233717, -0.345894], [117.233716, -0.345677], [117.23376, -0.345541], [117.23392, -0.345396], [117.234045, -0.345351], [117.234183, -0.345125], [117.234168, -0.344881], [117.233971, -0.344446], [117.234015, -0.344193], [117.23414, -0.344057], [117.234266, -0.343985], [117.23438, -0.343976], [117.234895, -0.344048], [117.234997, -0.34403], [117.235122, -0.343949], [117.235167, -0.343822], [117.235155, -0.343704], [117.23504, -0.343551], [117.234903, -0.343542], [117.234434, -0.34365], [117.234297, -0.34365], [117.234149, -0.343605], [117.234102, -0.343523], [117.234089, -0.343397], [117.23418, -0.343252], [117.234272, -0.343216], [117.234626, -0.343216], [117.234762, -0.343062], [117.234806, -0.342926], [117.234793, -0.342763], [117.234747, -0.342691], [117.234667, -0.342628], [117.23446, -0.342592], [117.234403, -0.342546], [117.23438, -0.342501], [117.234401, -0.34232], [117.234492, -0.342221], [117.234584, -0.342203], [117.234699, -0.342248], [117.234917, -0.342429], [117.235101, -0.342438], [117.235191, -0.342383], [117.235248, -0.342311], [117.235236, -0.342103], [117.234937, -0.342003], [117.234833, -0.341913], [117.23481, -0.34175], [117.234888, -0.341578], [117.234923, -0.341551], [117.235106, -0.341596], [117.235175, -0.341669], [117.235404, -0.341642], [117.235516, -0.341506], [117.235573, -0.341352], [117.235653, -0.341271], [117.235846, -0.34118], [117.236019, -0.341235], [117.236204, -0.341578], [117.236284, -0.341642], [117.236388, -0.34166], [117.23657, -0.341578], [117.236637, -0.34137], [117.236579, -0.341207], [117.236476, -0.341099], [117.236473, -0.340909], [117.236541, -0.340764], [117.236963, -0.340511], [117.237053, -0.340393], [117.237062, -0.339941], [117.237095, -0.339733], [117.237174, -0.339561], [117.237323, -0.339434], [117.237676, -0.339316], [117.237903, -0.33909], [117.237902, -0.338973], [117.237821, -0.33881], [117.237488, -0.338683], [117.237315, -0.338493], [117.237291, -0.33833], [117.237369, -0.337996], [117.237482, -0.337851], [117.237562, -0.337815], [117.237825, -0.337778], [117.238077, -0.337796], [117.238522, -0.337896], [117.238718, -0.337842], [117.238751, -0.337724], [117.238727, -0.337634], [117.238612, -0.337561], [117.238005, -0.337335], [117.237832, -0.337181], [117.237829, -0.336774], [117.237895, -0.33634], [117.237774, -0.336171], [117.237585, -0.336213], [117.237358, -0.336593], [117.237325, -0.336702], [117.23735, -0.337018], [117.237329, -0.337263], [117.237238, -0.337371], [117.237102, -0.337453], [117.236908, -0.337453], [117.236826, -0.337236], [117.236631, -0.337154], [117.236528, -0.337218], [117.236473, -0.337407], [117.236405, -0.337498], [117.236244, -0.337507], [117.236095, -0.337453], [117.236061, -0.337407], [117.236071, -0.337236], [117.236161, -0.33691], [117.236171, -0.33672], [117.236112, -0.336521], [117.236055, -0.336467], [117.235929, -0.336394], [117.23586, -0.336394], [117.235667, -0.336675], [117.235439, -0.33672], [117.235278, -0.336584], [117.235161, -0.336313], [117.235001, -0.336231], [117.23475, -0.336231], [117.234577, -0.336087], [117.234496, -0.33596], [117.23431, -0.335553], [117.234263, -0.335327], [117.234317, -0.33491], [117.234429, -0.334567], [117.234587, -0.334232], [117.234587, -0.334087], [117.234505, -0.333915], [117.234104, -0.333789], [117.233978, -0.333789], [117.233715, -0.333852], [117.233279, -0.333662], [117.23298, -0.333327], [117.232807, -0.333201], [117.232623, -0.332902], [117.232267, -0.332676], [117.231772, -0.332287], [117.231277, -0.331635], [117.230962, -0.330794], [117.230777, -0.330532], [117.23057, -0.330351], [117.230478, -0.330197], [117.230417, -0.32979], [117.230163, -0.329328], [117.229853, -0.329147], [117.229176, -0.329021], [117.229085, -0.328976], [117.228187, -0.328044], [117.227909, -0.327628], [117.227889, -0.327222], [117.228119, -0.326651], [117.22823, -0.326198], [117.22823, -0.326053], [117.227918, -0.325556], [117.227882, -0.32533], [117.227891, -0.324959], [117.228046, -0.324316], [117.228227, -0.32419], [117.22848, -0.324253], [117.228548, -0.324226], [117.228605, -0.324081], [117.228707, -0.324018], [117.228811, -0.324018], [117.228948, -0.324162], [117.229085, -0.324135], [117.229211, -0.323963], [117.229267, -0.323945], [117.229313, -0.323954], [117.229463, -0.324117], [117.229555, -0.324135], [117.229749, -0.324054], [117.229794, -0.324], [117.229782, -0.323846], [117.229551, -0.323665], [117.229459, -0.323538], [117.229448, -0.323448], [117.229479, -0.323023], [117.229602, -0.322688], [117.229737, -0.322453], [117.229955, -0.322398], [117.230035, -0.322489], [117.230002, -0.322715], [117.230038, -0.322796], [117.230106, -0.322842], [117.230415, -0.322778], [117.230494, -0.322697], [117.230517, -0.322615], [117.230492, -0.322326], [117.230558, -0.321982], [117.230751, -0.321611], [117.231067, -0.321222], [117.231202, -0.320896], [117.231328, -0.320915], [117.231341, -0.321285], [117.231389, -0.321385], [117.231481, -0.32143], [117.23195, -0.321457], [117.232109, -0.32143], [117.232189, -0.32134], [117.232154, -0.321204], [117.231971, -0.321204], [117.231822, -0.321159], [117.231741, -0.320951], [117.23175, -0.320824], [117.231819, -0.320706], [117.231876, -0.320697], [117.232023, -0.320544], [117.231906, -0.320209], [117.231905, -0.319992], [117.231983, -0.319693], [117.232073, -0.31953], [117.232129, -0.319313], [117.232219, -0.319168], [117.232087, -0.318978], [117.232017, -0.318689], [117.231313, -0.317757], [117.230604, -0.31715], [117.230455, -0.316702], [117.229504, -0.316493], [117.229438, -0.316119], [117.229037, -0.316038], [117.228715, -0.315848], [117.228344, -0.315954], [117.228165, -0.315924], [117.227857, -0.315767], [117.227055, -0.315468], [117.226606, -0.31517], [117.226291, -0.314788], [117.225726, -0.3144], [117.22525, -0.314361], [117.22522, -0.314817], [117.225072, -0.315296], [117.224923, -0.315475], [117.224477, -0.315654], [117.224179, -0.315833], [117.223852, -0.31658], [117.223852, -0.316878], [117.223377, -0.317476], [117.223139, -0.318013], [117.222722, -0.31873], [117.222603, -0.319118], [117.222365, -0.319447], [117.222038, -0.319775], [117.221265, -0.320133], [117.2207, -0.320462], [117.2205267, -0.3206527], [117.2194542, -0.3202012], [117.2183787, -0.3196492], [117.2182264, -0.3194779], [117.2180361, -0.3190876], [117.2176363, -0.3185451], [117.217208, -0.3181263], [117.216675, -0.3179074], [117.216142, -0.3178598], [117.215866, -0.317936], [117.215376, -0.318428], [117.21518, -0.318845], [117.212417, -0.320139], [117.2083665, -0.322344], [117.206287, -0.323476], [117.204637, -0.3225147], [117.2041246, -0.3216041], [117.2033533, -0.321134], [117.2017602, -0.3205052], [117.2013145, -0.3202451], [117.2000153, -0.3190173], [117.1976392, -0.3181254], [117.1966589, -0.3181444], [117.1950917, -0.318753], [117.1940575, -0.3193907], [117.1929145, -0.3215927], [117.1920675, -0.3228417], [117.1744775, -0.3190637], [117.1733594, -0.3185456], [117.1733543, -0.3182181], [117.1733031, -0.3181261], [117.1732008, -0.31808], [117.1729296, -0.3181823], [117.1728171, -0.3184637], [117.1725664, -0.3184433], [117.1724743, -0.3183205], [117.1723822, -0.3180186], [117.172244, -0.3178293], [117.1720394, -0.3177475], [117.1718143, -0.3177833], [117.171451, -0.317507], [117.1712464, -0.3175889], [117.1706734, -0.3179521], [117.1705557, -0.3183153], [117.1703766, -0.3184177], [117.1700697, -0.3184842], [117.1697798, -0.3183785], [117.1695276, -0.318482], [117.1693484, -0.3184498], [117.168982, -0.3184555], [117.168457, -0.3185521], [117.1681409, -0.3186555], [117.1679976, -0.3187656], [117.1679293, -0.3188742], [117.1677096, -0.3189795], [117.1676858, -0.3190197], [117.1677153, -0.3192486], [117.1676602, -0.3193386], [117.1675793, -0.319375], [117.167468, -0.3193625], [117.1674462, -0.3191365], [117.1672978, -0.3187938], [117.1670952, -0.318721], [117.1670381, -0.3187583], [117.1669725, -0.3189336], [117.1670201, -0.3190954], [117.1670153, -0.3194051], [117.1669245, -0.3195578], [117.1668119, -0.3196252], [117.166716, -0.31958], [117.1667077, -0.3195386], [117.1668423, -0.3193479], [117.1668553, -0.3192529], [117.1667092, -0.3190407], [117.1660073, -0.3189079], [117.1658475, -0.3188044], [117.1657927, -0.3187263], [117.1655987, -0.3187646], [117.165464, -0.3188971], [117.1653546, -0.3188203], [117.1653386, -0.3186732], [117.1653835, -0.3185269], [117.1652633, -0.3183492], [117.1652488, -0.3181983], [117.1653921, -0.3181025], [117.1654811, -0.3179945], [117.1655895, -0.3179463], [117.165755, -0.3179658], [117.1660951, -0.3178256], [117.1661476, -0.3176946], [117.1659433, -0.3175395], [117.1657196, -0.3175062], [117.1655895, -0.3175246], [117.1653978, -0.3176602], [117.1652505, -0.3176602], [117.165117, -0.3175912], [117.1649663, -0.3173603], [117.1647735, -0.3174591], [117.1645155, -0.3175269], [117.1644413, -0.3175924], [117.1644299, -0.3177555], [117.164479, -0.317975], [117.164358, -0.3181439], [117.1640601, -0.3183305], [117.1638444, -0.3183535], [117.1635637, -0.3184673], [117.163227, -0.3185259], [117.1630786, -0.3186052], [117.160891, -0.318296], [117.1605064, -0.3194193], [117.1603413, -0.3197958], [117.1603453, -0.3203971], [117.1602605, -0.3207408], [117.1601098, -0.3210603], [117.1598248, -0.3212717], [117.1593764, -0.3214679], [117.1591426, -0.3216187], [117.1589501, -0.3216729], [117.1582388, -0.3216444], [117.1572378, -0.3214475], [117.1569997, -0.3214912], [117.1568221, -0.3216244], [117.156613, -0.3218496], [117.1563633, -0.3222491], [117.1557168, -0.3234514], [117.1552678, -0.3246264], [117.1549965, -0.3248867], [117.1546566, -0.3250922], [117.1540944, -0.3253123], [117.1538629, -0.3253046], [117.1533227, -0.325167], [117.1527557, -0.3243127], [117.1524021, -0.3238475], [117.1522228, -0.3235105], [117.1519091, -0.3224273], [117.1516661, -0.3219025], [117.1515668, -0.3211563], [117.1514399, -0.3205715], [117.1513039, -0.3203286], [117.1509727, -0.3201581], [117.1508198, -0.3201734], [117.1505075, -0.3205522], [117.1502138, -0.3211332], [117.1498596, -0.3213973], [117.1487496, -0.321558], [117.1484237, -0.321646], [117.1479955, -0.3215216], [117.1476406, -0.3212865], [117.1473268, -0.3212317], [117.1466162, -0.3213887], [117.1461249, -0.3212859], [117.1458456, -0.3211332], [117.1453729, -0.3204047], [117.1450907, -0.3201439], [117.1446921, -0.3199553], [117.1443373, -0.3198627], [117.1430478, -0.3200967], [117.142922, -0.320182], [117.1429121, -0.3204737], [117.142992, -0.3209218], [117.1432516, -0.3217927], [117.1433925, -0.3230115], [117.1433297, -0.3233595], [117.1431631, -0.3236803], [117.1429709, -0.3237981], [117.1425821, -0.3239427], [117.1424429, -0.3238182], [117.1423081, -0.3237848], [117.141921, -0.324088], [117.1403787, -0.3285548], [117.1398326, -0.3331037], [117.138972, -0.3357197], [117.1386244, -0.3378692], [117.138492, -0.3407685], [117.1398498, -0.3427306], [117.143166, -0.347186], [117.1433571, -0.3472614], [117.143545, -0.347392], [117.143747, -0.347225], [117.14388, -0.346915], [117.144004, -0.34674], [117.143934, -0.34649], [117.14394, -0.346299], [117.144043, -0.345641], [117.144005, -0.345409], [117.143935, -0.345247], [117.14397, -0.345205], [117.144025, -0.345305], [117.14413, -0.345378], [117.144217, -0.345282], [117.144354, -0.34501], [117.144344, -0.344921], [117.144423, -0.344558], [117.144375, -0.344418], [117.144516, -0.344119], [117.144694, -0.344032], [117.144928, -0.343798], [117.144884, -0.343612], [117.144959, -0.343446], [117.145065, -0.343446], [117.145218, -0.343323], [117.145184, -0.343228], [117.145223, -0.343108], [117.14536, -0.34301], [117.145521, -0.342692], [117.1454585, -0.3426942], [117.145479, -0.342646], [117.145553, -0.342613], [117.145925, -0.342618], [117.145982, -0.342983], [117.146114, -0.342955], [117.146421, -0.343124], [117.146569, -0.343018], [117.146666, -0.343061], [117.147135, -0.343068], [117.14724, -0.343101], [117.147346, -0.343193], [117.147293, -0.343354], [117.147706, -0.343547], [117.147844, -0.343746], [117.147773, -0.343796], [117.147753, -0.343916], [117.147741, -0.344548], [117.147703, -0.344688], [117.147741, -0.344861], [117.148049, -0.345067], [117.148155, -0.34521], [117.148334, -0.345169], [117.148526, -0.345187], [117.148771, -0.345434], [117.148741, -0.3455795], [117.148666, -0.345613], [117.1484818, -0.3459682], [117.1483854, -0.3463441], [117.149206, -0.352796], [117.142189, -0.355808], [117.141775, -0.356094], [117.141702, -0.356077], [117.141386, -0.356321], [117.14121, -0.356607], [117.14097, -0.356617], [117.14092, -0.356663], [117.140782, -0.356687], [117.140717, -0.356775], [117.140708, -0.356708], [117.140656, -0.356686], [117.140564, -0.356743], [117.140549, -0.356707], [117.140386, -0.356711], [117.139762, -0.356895], [117.139529, -0.356831], [117.139437, -0.356857], [117.139258, -0.357045], [117.138927, -0.357259], [117.13836, -0.357348], [117.13832, -0.357398], [117.138379, -0.35749], [117.138363, -0.357719], [117.138195, -0.358044], [117.137946, -0.358213], [117.137776, -0.358449], [117.137422, -0.358355], [117.137277, -0.358494], [117.137294, -0.358637], [117.137394, -0.358719], [117.137616, -0.358776], [117.137685, -0.358879], [117.137676, -0.358991], [117.137642, -0.359086], [117.137576, -0.359144], [117.137523, -0.359391], [117.137463, -0.359418], [117.137173, -0.359438], [117.137112, -0.359385], [117.137075, -0.359327], [117.137144, -0.359157], [117.137149, -0.359025], [117.13704, -0.35897], [117.136939, -0.35882], [117.136837, -0.358569], [117.136861, -0.358477], [117.136837, -0.358407], [117.13668, -0.358298], [117.136585, -0.358281], [117.136487, -0.358443], [117.136533, -0.358544], [117.136501, -0.358727], [117.136568, -0.358862], [117.136666, -0.358977], [117.136981, -0.358981], [117.136988, -0.359065], [117.136921, -0.359174], [117.136946, -0.359337], [117.136924, -0.359457], [117.136826, -0.359729], [117.136568, -0.359961], [117.136409, -0.360184], [117.136244, -0.360298], [117.136161, -0.360416], [117.136093, -0.360433], [117.13604, -0.360612], [117.135813, -0.36058], [117.13573, -0.360625], [117.135736, -0.360812], [117.135685, -0.360879], [117.135629, -0.360889], [117.135354, -0.360785], [117.135172, -0.360898], [117.135203, -0.360986], [117.13531, -0.361075], [117.135365, -0.36141], [117.135448, -0.361538], [117.135565, -0.361586], [117.135698, -0.361791], [117.135968, -0.362225], [117.136173, -0.362624], [117.13616, -0.362669], [117.136009, -0.36272], [117.135701, -0.362477], [117.135594, -0.362439], [117.135552, -0.362498], [117.135568, -0.362631], [117.135466, -0.362765], [117.135089, -0.362847], [117.135024, -0.363063], [117.134845, -0.363342], [117.134417, -0.363517], [117.134359, -0.363477], [117.134305, -0.363231], [117.133877, -0.362776], [117.13381, -0.362743], [117.133628, -0.362732], [117.13334, -0.362807], [117.133135, -0.362823], [117.133013, -0.362795], [117.132991, -0.36282], [117.132961, -0.363001], [117.132989, -0.363146], [117.13317, -0.363401], [117.133153, -0.363461], [117.133071, -0.363624], [117.132988, -0.363635], [117.132866, -0.363754], [117.132551, -0.364231], [117.132563, -0.364431], [117.13286, -0.364498], [117.132927, -0.364537], [117.132932, -0.364602], [117.132425, -0.364933], [117.132393, -0.365039], [117.132411, -0.365191], [117.132479, -0.365237], [117.132951, -0.365307], [117.132923, -0.365569], [117.13256, -0.365794], [117.132482, -0.365885], [117.132433, -0.365968], [117.13246, -0.366074], [117.132431, -0.366194], [117.132357, -0.366205], [117.1323, -0.366112], [117.132111, -0.366122], [117.132029, -0.366046], [117.131955, -0.36607], [117.13194, -0.366274], [117.131839, -0.366546], [117.131778, -0.366559], [117.131693, -0.366848], [117.131759, -0.366883], [117.131768, -0.367001], [117.131855, -0.367045], [117.131842, -0.367142], [117.13191, -0.367161], [117.132047, -0.367098], [117.132103, -0.367117], [117.132157, -0.367414], [117.132139, -0.367509], [117.132032, -0.367645], [117.132096, -0.367744], [117.132387, -0.367765], [117.13242, -0.367811], [117.132349, -0.368139], [117.132545, -0.368427], [117.13257, -0.368599], [117.132477, -0.368718], [117.132579, -0.369006], [117.132573, -0.369473], [117.132661, -0.3695], [117.132707, -0.369628], [117.132632, -0.36982], [117.132731, -0.370009], [117.132699, -0.370148], [117.132624, -0.370253], [117.132633, -0.370346], [117.132751, -0.370504], [117.132711, -0.370629], [117.132662, -0.370672], [117.132584, -0.370668], [117.132576, -0.370811], [117.132759, -0.371112], [117.132847, -0.371178], [117.132846, -0.371416], [117.132916, -0.371519], [117.133039, -0.371515], [117.13308, -0.371637], [117.133068, -0.371702], [117.1328992, -0.3717982], [117.132832, -0.371917], [117.1328, -0.372306], [117.132932, -0.372679], [117.132666, -0.373149], [117.132685, -0.373499], [117.132633, -0.373564], [117.132441, -0.373648], [117.132425, -0.3737], [117.132458, -0.373872], [117.132441, -0.374075], [117.132547, -0.374241], [117.132416, -0.374341], [117.132442, -0.374541], [117.132343, -0.374697], [117.132575, -0.374877], [117.132519, -0.37521], [117.132578, -0.375353], [117.132595, -0.375322], [117.13266, -0.375367], [117.132619, -0.375496], [117.132591, -0.375481], [117.132516, -0.375534], [117.13246, -0.375635], [117.132285, -0.375806], [117.132284, -0.376225], [117.132222, -0.37639], [117.132077, -0.377185], [117.131923, -0.377301], [117.131869, -0.377259], [117.131817, -0.377392], [117.131862, -0.377687], [117.131812, -0.378083], [117.131856, -0.378217], [117.131849, -0.378666], [117.131979, -0.378848], [117.131943, -0.378929], [117.131988, -0.379337], [117.131932, -0.379446], [117.132074, -0.380304], [117.132729, -0.381287], [117.1329468, -0.3819925], [117.1323845, -0.384148], [117.132314, -0.3882857], [117.1319411, -0.3897257], [117.1318328, -0.39089], [117.1315425, -0.3928339], [117.1315603, -0.3940889], [117.1311034, -0.3944315], [117.1305983, -0.3949353], [117.1300439, -0.3972636], [117.1298707, -0.3998991], [117.1293318, -0.4016282], [117.1286502, -0.4059299], [117.127808, -0.408436], [117.127082, -0.408682], [117.123483, -0.4086], [117.1230517, -0.4088243], [117.11735, -0.411789], [117.113834, -0.415551], [117.110808, -0.41645], [117.1049682, -0.4168791], [117.1048615, -0.4172394], [117.1044086, -0.4180205], [117.1035109, -0.4186757], [117.1029022, -0.418963], [117.1020082, -0.4195758], [117.1001059, -0.4200546], [117.0989701, -0.4202439], [117.0974749, -0.4208242], [117.0966817, -0.4213297], [117.0960922, -0.4217781], [117.0946845, -0.4223527], [117.0941605, -0.4224637], [117.0938092, -0.4224821], [117.0935518, -0.4226313], [117.093455, -0.4227874], [117.0934043, -0.4230718], [117.0935042, -0.4235266], [117.0935042, -0.423809], [117.09342, -0.4242713], [117.0933996, -0.4243836], [117.0925139, -0.4241389], [117.0924722, -0.4243583], [117.0920722, -0.4240361], [117.0916238, -0.424132], [117.0913313, -0.4242516], [117.0910486, -0.4242991], [117.0906882, -0.4242299], [117.0904051, -0.4240355], [117.0902023, -0.4238287], [117.0900939, -0.4234304], [117.0899134, -0.4232748], [117.0895395, -0.4232136], [117.089127, -0.4233345], [117.0887563, -0.4235413], [117.0886114, -0.4237323], [117.0883133, -0.4247355], [117.0879698, -0.4251244], [117.0875385, -0.4252473], [117.0871672, -0.4254147], [117.0869561, -0.4255836], [117.0865974, -0.426048], [117.0862825, -0.4262792], [117.0855139, -0.4263778], [117.0848208, -0.4265383], [117.0845748, -0.4267911], [117.0843413, -0.4272529], [117.083983, -0.4274899], [117.0834899, -0.4274982], [117.0828054, -0.4274071], [117.0820221, -0.427422], [117.0813512, -0.4275786], [117.0802533, -0.4279542], [117.07976, -0.4280525], [117.0787903, -0.4287304], [117.0782492, -0.4289944], [117.0778958, -0.429045], [117.0775476, -0.4290378], [117.0770296, -0.4289384], [117.0766875, -0.4289311], [117.0759049, -0.4290522], [117.0755098, -0.4289532], [117.0748604, -0.4285738], [117.0743496, -0.4285101], [117.0739461, -0.4286312], [117.0726852, -0.4296913], [117.0724558, -0.4300304], [117.0723564, -0.4303236], [117.0723146, -0.4306716], [117.0721219, -0.4309599], [117.0718653, -0.4310821], [117.0706403, -0.4312088], [117.0704505, -0.431368], [117.0700101, -0.4326775], [117.0690234, -0.4339886], [117.0686576, -0.4350088], [117.0685157, -0.4351768], [117.0668611, -0.4371355], [117.066654, -0.4374294], [117.0660591, -0.4385073], [117.0655228, -0.4397183], [117.06548, -0.44066], [117.0653083, -0.441083], [117.0650389, -0.4415072], [117.0650079, -0.441724], [117.065107, -0.4421328], [117.0651441, -0.4424548], [117.0651318, -0.4428883], [117.0649026, -0.4434086], [117.0642028, -0.4442756], [117.0636563, -0.4458159], [117.0631519, -0.4465202], [117.0628093, -0.4473007], [117.0623905, -0.4479193], [117.06219, -0.44885], [117.0622488, -0.4506771], [117.0625762, -0.4514766], [117.0626371, -0.4517279], [117.0626447, -0.452002], [117.063212, -0.453046], [117.0624634, -0.4539409], [117.0617686, -0.4544454], [117.0608554, -0.4549258], [117.0604076, -0.4553401], [117.0604457, -0.4559873], [117.0606646, -0.4567868], [117.06085, -0.45841], [117.0603124, -0.4595184], [117.059037, -0.4612031], [117.0588657, -0.4618027], [117.0589799, -0.4624594], [117.0592259, -0.4630579], [117.0594163, -0.4632711], [117.0596447, -0.4633853], [117.0602767, -0.4631188], [117.0605584, -0.4631036], [117.0607945, -0.4632102], [117.0610457, -0.4634234], [117.0611, -0.465062], [117.0612861, -0.4659042], [117.0625824, -0.4696232], [117.063068, -0.470265], [117.0632249, -0.4714252], [117.0630916, -0.4720534], [117.0623778, -0.4726625], [117.0619019, -0.4731955], [117.0621244, -0.4737249], [117.0631501, -0.4754548], [117.0634828, -0.4771441], [117.0636912, -0.4776784], [117.0646525, -0.4782971], [117.06513, -0.47896], [117.0644648, -0.4809062], [117.063692, -0.483325], [117.0616, -0.48924], [117.0607693, -0.4937303], [117.0602268, -0.4947868], [117.058984, -0.495885], [117.058784, -0.4966204], [117.0587021, -0.4995282], [117.0584136, -0.5001406], [117.05787, -0.50062], [117.0571628, -0.5035316], [117.05695, -0.5049806], [117.0560827, -0.5087847], [117.055792, -0.510566], [117.05458, -0.513879], [117.055037, -0.516688], [117.0569003, -0.5206563], [117.0581709, -0.5226265], [117.058905, -0.5232554], [117.0595327, -0.5241821], [117.05994, -0.52612], [117.060044, -0.5263527], [117.0606372, -0.5276797], [117.061432, -0.529323], [117.065383, -0.531825], [117.0671795, -0.5325345], [117.0675365, -0.5330199], [117.06723, -0.5356], [117.0671508, -0.5367376], [117.0668083, -0.5382881], [117.0661802, -0.5395873], [117.065571, -0.539843], [117.0647, -0.539875], [117.0641814, -0.5396729], [117.0636103, -0.5393588], [117.0630821, -0.5392732], [117.0622683, -0.5396444], [117.0615973, -0.5401583], [117.0610691, -0.5411149], [117.0605694, -0.5428566], [117.060218, -0.5445132], [117.06001, -0.54484], [117.0593273, -0.5452551], [117.0565148, -0.5454122], [117.0541734, -0.5456834], [117.05395, -0.54653]]]}}, {"type": "Feature", "properties": {"WADMKK": "Penajam Paser Utara"}, "geometry": {"type": "MultiPolygon", "coordinates": [[[[116.3339525, -1.3088414], [116.3343008, -1.3095059], [116.3349427, -1.3102241], [116.3352874, -1.3107867], [116.3355014, -1.3109783], [116.335483, -1.3337725], [116.336842, -1.3383497], [116.3372618, -1.3385518], [116.3373131, -1.3396502], [116.3375186, -1.3402412], [116.3376111, -1.341055], [116.3377335, -1.3412744], [116.3461019, -1.3691695], [116.3470179, -1.371365], [116.347125, -1.3722335], [116.3471131, -1.37287], [116.3470536, -1.3730544], [116.3468989, -1.3732447], [116.3468156, -1.373453], [116.346872, -1.3739161], [116.3470203, -1.3743697], [116.3471225, -1.3743735], [116.3475896, -1.3750785], [116.3477085, -1.3751623], [116.3483862, -1.3754617], [116.3487413, -1.375504], [116.3493246, -1.3769251], [116.3490426, -1.3774266], [116.3493445, -1.3775786], [116.3496037, -1.3775737], [116.3511879, -1.3814279], [116.3510956, -1.3819367], [116.3511582, -1.3823976], [116.3514791, -1.3829284], [116.3519162, -1.3831371], [116.3534275, -1.3867632], [116.3533586, -1.3882439], [116.3536774, -1.3884008], [116.3538416, -1.3884008], [116.3540272, -1.3882938], [116.3542128, -1.3883937], [116.3542699, -1.3885079], [116.3541414, -1.3887149], [116.3540343, -1.3887863], [116.3537773, -1.3889148], [116.3536917, -1.3889005], [116.3535917, -1.3889362], [116.3535917, -1.389129], [116.3536417, -1.3892075], [116.3537702, -1.3892503], [116.3540272, -1.3892218], [116.354327, -1.389079], [116.3543841, -1.3890861], [116.354484, -1.3891932], [116.3545054, -1.3893431], [116.3543698, -1.3895644], [116.3542913, -1.3897928], [116.3543127, -1.3900427], [116.354377, -1.3901569], [116.3545197, -1.3902211], [116.3547125, -1.3900855], [116.3549552, -1.3901426], [116.3551122, -1.3903282], [116.3552264, -1.3907137], [116.3554049, -1.3908208], [116.3554406, -1.3909421], [116.3554406, -1.3911563], [116.3556048, -1.3913633], [116.3555691, -1.3917273], [116.3557749, -1.3917496], [116.3556333, -1.3928338], [116.3554834, -1.393205], [116.3554549, -1.3936119], [116.3548945, -1.3972101], [116.3548602, -1.3976946], [116.354985, -1.3978799], [116.3551635, -1.3985342], [116.3552289, -1.3986056], [116.3554609, -1.3986948], [116.3554799, -1.3988673], [116.3557877, -1.3993819], [116.3556688, -1.3998245], [116.3556377, -1.4003535], [116.3556603, -1.400572], [116.3556072, -1.4009031], [116.3560514, -1.4080118], [116.3560514, -1.4169947], [116.3581159, -1.4353874], [116.3573125, -1.4354086], [116.357334, -1.4358726], [116.3577587, -1.4365186], [116.3579193, -1.4366935], [116.3583476, -1.4369969], [116.3587045, -1.4373609], [116.3591792, -1.4382532], [116.3596004, -1.4386101], [116.3596397, -1.4387886], [116.359629, -1.4389778], [116.3593256, -1.4394089], [116.3594112, -1.4400164], [116.3595861, -1.4402234], [116.3596218, -1.4403376], [116.3596075, -1.4404982], [116.3593291, -1.4407445], [116.3602862, -1.4445729], [116.3628436, -1.4631137], [116.3634005, -1.4645666], [116.3634123, -1.4649556], [116.363317, -1.4653206], [116.3629482, -1.465847], [116.3628233, -1.4661761], [116.3630669, -1.4667267], [116.3634353, -1.4678159], [116.3636762, -1.4681039], [116.3642913, -1.4685163], [116.3645529, -1.4685988], [116.3644005, -1.4689817], [116.3643054, -1.4690966], [116.3637916, -1.4693454], [116.3637126, -1.4694141], [116.3638004, -1.4700506], [116.3642643, -1.4714619], [116.3641974, -1.4718472], [116.3638976, -1.472187], [116.3635455, -1.4724406], [116.3633598, -1.4731922], [116.3630506, -1.4734218], [116.3628697, -1.4739101], [116.3625556, -1.4741685], [116.3624106, -1.4745798], [116.3625175, -1.4750944], [116.3627433, -1.4755852], [116.3629692, -1.4757528], [116.3639071, -1.4759648], [116.3641702, -1.4759566], [116.3645248, -1.4756785], [116.3647721, -1.4757839], [116.3652381, -1.4762532], [116.3660086, -1.4765598], [116.3663035, -1.4767322], [116.3668743, -1.4769047], [116.3672072, -1.4770867], [116.3675781, -1.4775775], [116.3681842, -1.4787815], [116.3684755, -1.4790149], [116.3688738, -1.4792365], [116.3689808, -1.4793562], [116.3691174, -1.4799247], [116.3693195, -1.4802299], [116.3698902, -1.4804635], [116.3705797, -1.4812895], [116.3706094, -1.4816425], [116.3705439, -1.4819597], [116.3703719, -1.4823071], [116.3701989, -1.48254], [116.3699907, -1.4827135], [116.3699253, -1.4828451], [116.3699012, -1.483653], [116.370032, -1.4838684], [116.3701563, -1.4839532], [116.3703822, -1.4843183], [116.3706199, -1.4848031], [116.3711013, -1.4854794], [116.3713663, -1.4862315], [116.3715172, -1.4865687], [116.3717728, -1.4869876], [116.3718203, -1.4872928], [116.3719629, -1.4874185], [116.372284, -1.4875143], [116.3725872, -1.4878017], [116.3729733, -1.4890943], [116.373104, -1.4893876], [116.3734428, -1.4898185], [116.3738886, -1.4902375], [116.3739778, -1.4904051], [116.3742511, -1.4912789], [116.3745601, -1.4916799], [116.3745243, -1.4921177], [116.3742861, -1.4936366], [116.3743514, -1.4940615], [116.3762212, -1.4955479], [116.3763019, -1.4972603], [116.3769356, -1.4979629], [116.3769188, -1.4986451], [116.3773789, -1.5030686], [116.3758406, -1.5036088], [116.3739485, -1.5045825], [116.3723642, -1.5071914], [116.3687983, -1.5107344], [116.3673819, -1.5122263], [116.3668501, -1.5153005], [116.3668975, -1.5178608], [116.3687413, -1.5217762], [116.3689272, -1.5234954], [116.3701298, -1.5251381], [116.3699356, -1.5269145], [116.3692104, -1.5461266], [116.3748988, -1.5442714], [116.3762748, -1.5437892], [116.3780236, -1.5435211], [116.3863186, -1.5431596], [116.3884482, -1.5430846], [116.3883829, -1.5445691], [116.3978754, -1.5448988], [116.3977755, -1.5475375], [116.397631, -1.5499549], [116.3974058, -1.5568596], [116.3976275, -1.5572357], [116.3976064, -1.5613995], [116.3970343, -1.5681132], [116.3966937, -1.5739124], [116.4040983, -1.5738321], [116.4100062, -1.5740655], [116.415865, -1.5742051], [116.4195332, -1.5742262], [116.4281057, -1.5743871], [116.4336419, -1.5744087], [116.4355731, -1.5745374], [116.4402294, -1.5746875], [116.4401221, -1.5801143], [116.4469879, -1.5802919], [116.4509689, -1.5803074], [116.452589, -1.5803288], [116.4776088, -1.580671], [116.4846789, -1.5809798], [116.4990476, -1.5818061], [116.4992863, -1.5687836], [116.503787, -1.5686173], [116.5144515, -1.5632978], [116.5223264, -1.5594368], [116.5240216, -1.5586003], [116.5241074, -1.5593618], [116.5244722, -1.5600589], [116.5292356, -1.563866], [116.5271115, -1.5661935], [116.5210819, -1.5732451], [116.5245366, -1.5738939], [116.5255451, -1.5740655], [116.5249443, -1.5782482], [116.5260172, -1.5784412], [116.5247941, -1.5869781], [116.5250087, -1.5875144], [116.5232491, -1.5907103], [116.5228414, -1.5905602], [116.5219831, -1.5920187], [116.5241289, -1.5927051], [116.525918, -1.5925408], [116.526237, -1.5948912], [116.5244722, -1.594464], [116.523205, -1.596334], [116.524113, -1.5968957], [116.5250645, -1.5968959], [116.5255211, -1.5968768], [116.5262138, -1.5967555], [116.5264002, -1.5966829], [116.5266719, -1.5965007], [116.5269489, -1.5964311], [116.5270767, -1.5964311], [116.527588, -1.5965492], [116.5278757, -1.5965278], [116.5281634, -1.5964207], [116.5286109, -1.5961527], [116.5292607, -1.59611], [116.52982, -1.5961852], [116.5301396, -1.5961477], [116.5309654, -1.5957137], [116.5313649, -1.5956709], [116.5318283, -1.5956764], [116.5320414, -1.5956336], [116.5324847, -1.5953436], [116.5326574, -1.5951045], [116.5327715, -1.5952577], [116.533327, -1.5953153], [116.5336698, -1.5952682], [116.5348109, -1.5948701], [116.5353834, -1.5946087], [116.5363111, -1.5940521], [116.5376052, -1.5934779], [116.5384531, -1.5929905], [116.5402124, -1.5924061], [116.54183, -1.5914682], [116.5426102, -1.5913343], [116.5430936, -1.5913629], [116.5439993, -1.5914878], [116.5450459, -1.5912774], [116.5461497, -1.590684], [116.5467967, -1.5905118], [116.5481097, -1.590244], [116.5493657, -1.5898996], [116.550869, -1.5896893], [116.5531716, -1.589211], [116.557042, -1.5881322], [116.5570557, -1.58745], [116.5570933, -1.58708], [116.5570611, -1.5868602], [116.5569806, -1.5866296], [116.556884, -1.5863668], [116.5567017, -1.585793], [116.5566051, -1.5854659], [116.5562296, -1.5845436], [116.5560686, -1.5836964], [116.5559184, -1.582774], [116.5556717, -1.5812726], [116.5554571, -1.5798676], [116.5552854, -1.5786343], [116.5550494, -1.5774975], [116.5549636, -1.5767038], [116.5548456, -1.5756635], [116.5546954, -1.5747305], [116.5545452, -1.5740226], [116.5542662, -1.5726713], [116.5540516, -1.5716095], [116.5537244, -1.5703226], [116.5537244, -1.5698936], [116.5537459, -1.5696362], [116.5538102, -1.5693681], [116.5538907, -1.5690302], [116.5539229, -1.5687675], [116.5538317, -1.5679899], [116.5538049, -1.5677379], [116.5537512, -1.5674805], [116.55366, -1.5672714], [116.5534562, -1.5669067], [116.5530968, -1.5655608], [116.5530378, -1.5653248], [116.5528661, -1.5649655], [116.5527803, -1.5647189], [116.5527213, -1.5642523], [116.5526515, -1.5633461], [116.5526193, -1.5632067], [116.5525281, -1.5630565], [116.5523779, -1.5629493], [116.5522063, -1.5628098], [116.5521204, -1.5626597], [116.5520561, -1.5624988], [116.5520668, -1.5621824], [116.552217, -1.561791], [116.5523082, -1.5615497], [116.5523511, -1.5613942], [116.5523565, -1.5612172], [116.552335, -1.5609759], [116.5521741, -1.5603646], [116.5520078, -1.5600321], [116.5519381, -1.5598873], [116.5519381, -1.5596728], [116.5519595, -1.5592867], [116.5519756, -1.5590508], [116.5519488, -1.5588953], [116.5519112, -1.5587505], [116.5516162, -1.5584716], [116.5515464, -1.5583429], [116.5514821, -1.5580748], [116.5514928, -1.5577799], [116.5515518, -1.5573455], [116.5515625, -1.5570828], [116.5515357, -1.5569272], [116.5514713, -1.5567556], [116.5513426, -1.5565304], [116.5511978, -1.5562891], [116.5511602, -1.5560532], [116.5510583, -1.5550182], [116.5510046, -1.5543854], [116.551069, -1.5540422], [116.5512621, -1.5537956], [116.5515518, -1.5536347], [116.5518415, -1.5535489], [116.5521419, -1.5535221], [116.5522224, -1.553447], [116.552276, -1.5533505], [116.5522814, -1.553195], [116.552217, -1.5529537], [116.5520453, -1.552766], [116.5517825, -1.5526373], [116.5512192, -1.5524764], [116.5510851, -1.5524067], [116.5509832, -1.5522834], [116.5509027, -1.552085], [116.5508544, -1.5518436], [116.5508759, -1.5515165], [116.5509993, -1.5510661], [116.5512192, -1.5505406], [116.5514445, -1.5500204], [116.5515733, -1.5496987], [116.5516162, -1.5494037], [116.5516323, -1.5490552], [116.5515894, -1.5486369], [116.5513694, -1.5470496], [116.5513158, -1.546449], [116.5512192, -1.5456554], [116.5511441, -1.5451298], [116.5508652, -1.5441003], [116.5504789, -1.5427489], [116.5502, -1.5409257], [116.5498674, -1.5385876], [116.5496635, -1.5370754], [116.5495348, -1.5366464], [116.5493631, -1.5362496], [116.5491915, -1.5357884], [116.549052, -1.5353701], [116.5489125, -1.5346945], [116.5485477, -1.5335469], [116.5481186, -1.5323564], [116.5464985, -1.5288279], [116.5461981, -1.528238], [116.5457153, -1.5275087], [116.5454578, -1.5271119], [116.5450716, -1.5263397], [116.5441489, -1.5243663], [116.5434301, -1.5227307], [116.5427005, -1.5213204], [116.5421963, -1.5202961], [116.5415955, -1.5191754], [116.5411234, -1.5182369], [116.5407425, -1.5174272], [116.5403402, -1.5167354], [116.5394282, -1.515443], [116.5386075, -1.5141238], [116.5381944, -1.5135071], [116.5378189, -1.5128368], [116.5374756, -1.5123488], [116.5368158, -1.5115713], [116.5364081, -1.5110457], [116.5358555, -1.5104237], [116.5351742, -1.5098713], [116.5347719, -1.509571], [116.5345466, -1.5094531], [116.5343374, -1.5094102], [116.5340584, -1.509437], [116.5338439, -1.5095442], [116.5334469, -1.5099303], [116.5330553, -1.5107079], [116.5327388, -1.511464], [116.5326369, -1.5118394], [116.5325671, -1.5125365], [116.5325296, -1.5130513], [116.5317786, -1.512987], [116.5310651, -1.5129494], [116.5308291, -1.5121451], [116.5306359, -1.5115498], [116.5303677, -1.5109921], [116.5301585, -1.5105202], [116.5300619, -1.5099947], [116.529901, -1.5083859], [116.5299868, -1.5075922], [116.5302336, -1.5065948], [116.5306628, -1.5055974], [116.5312636, -1.5041495], [116.5317893, -1.5029375], [116.5320897, -1.5017041], [116.5323043, -1.5009963], [116.5325296, -1.5006531], [116.5327978, -1.5002348], [116.5330553, -1.4998272], [116.5333021, -1.4993446], [116.5335166, -1.4986582], [116.5336668, -1.4978753], [116.5339243, -1.4963201], [116.5341067, -1.4950545], [116.5341926, -1.4942502], [116.5342569, -1.4931669], [116.5343106, -1.4923303], [116.5344286, -1.4918048], [116.5345466, -1.4913007], [116.5346432, -1.4906036], [116.534729, -1.4899386], [116.5348363, -1.4891342], [116.5350187, -1.4876863], [116.5351689, -1.4866782], [116.5353298, -1.4856914], [116.5354371, -1.4848012], [116.5354478, -1.4843293], [116.5353727, -1.4837502], [116.5352654, -1.4833909], [116.535067, -1.4829351], [116.5350401, -1.4827098], [116.5350777, -1.4824578], [116.5351367, -1.4823184], [116.5352386, -1.4821307], [116.5354478, -1.4818786], [116.5357643, -1.4815461], [116.5362418, -1.4808544], [116.5363812, -1.4804146], [116.5364671, -1.4800178], [116.5365851, -1.4791598], [116.5366602, -1.4777011], [116.5367138, -1.4767466], [116.5366924, -1.4760602], [116.5367353, -1.4755668], [116.5367889, -1.475052], [116.5368533, -1.474623], [116.5368372, -1.4743977], [116.5367943, -1.4740545], [116.5368158, -1.4737703], [116.5368587, -1.4735665], [116.5370411, -1.4732019], [116.5373897, -1.4723278], [116.5378404, -1.4705795], [116.5381837, -1.4693354], [116.5387201, -1.4681449], [116.5390205, -1.4676301], [116.5392136, -1.4672869], [116.5393478, -1.4669705], [116.5393853, -1.466697], [116.5393907, -1.4663806], [116.5395141, -1.4659623], [116.5396857, -1.4655869], [116.5398788, -1.4652598], [116.5405118, -1.4638977], [116.5408015, -1.4633292], [116.5413058, -1.4624819], [116.5416706, -1.4618813], [116.5420782, -1.4614952], [116.5428507, -1.4606372], [116.5433764, -1.4600687], [116.5439343, -1.4593501], [116.5442133, -1.4590498], [116.544621, -1.4585993], [116.5450394, -1.4580631], [116.5456617, -1.4573552], [116.545828, -1.4571514], [116.5460211, -1.4569959], [116.5462464, -1.4568779], [116.546461, -1.4567331], [116.5465629, -1.4566205], [116.5466809, -1.456465], [116.546874, -1.4561969], [116.5472066, -1.4557249], [116.5474105, -1.4555158], [116.5477002, -1.4552638], [116.548301, -1.4547543], [116.5485263, -1.4545505], [116.5488267, -1.4542314], [116.5494329, -1.4536201], [116.5499157, -1.4531348], [116.5507042, -1.4524698], [116.5509617, -1.4522392], [116.5515304, -1.4516547], [116.5518629, -1.4513383], [116.5521312, -1.4510594], [116.5524799, -1.4507913], [116.5528017, -1.4504588], [116.5530431, -1.4502443], [116.5532255, -1.4500619], [116.5534669, -1.4498153], [116.5539658, -1.4493702], [116.5543252, -1.4490859], [116.5546793, -1.44885], [116.5550387, -1.4485604], [116.5553445, -1.4483244], [116.5557682, -1.4479812], [116.5563261, -1.44752], [116.5568572, -1.4471071], [116.5578228, -1.4463885], [116.5584719, -1.4459112], [116.5588957, -1.4455465], [116.5593249, -1.4452301], [116.559754, -1.4449352], [116.5600866, -1.4446778], [116.5604138, -1.4443828], [116.5611809, -1.4438037], [116.561771, -1.4434336], [116.5621412, -1.4432191], [116.5627313, -1.4429671], [116.5630585, -1.4427901], [116.5633321, -1.4426024], [116.5639651, -1.4420769], [116.5645176, -1.4415889], [116.5648609, -1.4412725], [116.5652794, -1.4409882], [116.5654939, -1.4408917], [116.5658587, -1.4407523], [116.5664488, -1.4405431], [116.5667707, -1.4403769], [116.5673232, -1.4400819], [116.5675378, -1.4399479], [116.5679294, -1.4396851], [116.5686482, -1.4391274], [116.5690827, -1.4388324], [116.5696889, -1.4384517], [116.5700537, -1.4381299], [116.5703434, -1.4379315], [116.5706465, -1.4377344], [116.5708503, -1.437591], [116.5720157, -1.4368254], [116.5724916, -1.4365054], [116.5724962, -1.4365023], [116.5724993, -1.4365002], [116.5725139, -1.4364902], [116.5725284, -1.4364755], [116.5725321, -1.4364651], [116.5725314, -1.4364541], [116.5725243, -1.4364386], [116.5725113, -1.4364232], [116.572404, -1.4363005], [116.5723979, -1.4362798], [116.572404, -1.436255], [116.5724318, -1.4362318], [116.5724496, -1.4362315], [116.5724704, -1.4362406], [116.5724838, -1.4362513], [116.5725911, -1.4363401], [116.5726051, -1.4363408], [116.5726259, -1.4363321], [116.5741628, -1.4352662], [116.5746081, -1.4350892], [116.5750909, -1.4349176], [116.5754664, -1.4347836], [116.5757239, -1.4346656], [116.5762442, -1.4343492], [116.5772635, -1.433652], [116.5782773, -1.4330139], [116.5785938, -1.4327618], [116.5790015, -1.4324669], [116.5792376, -1.4322738], [116.5795273, -1.4320432], [116.5804875, -1.431346], [116.5808308, -1.4311154], [116.5811527, -1.4309063], [116.5817106, -1.4306757], [116.5820539, -1.4304826], [116.5833092, -1.4296836], [116.5835774, -1.429512], [116.5838242, -1.4293082], [116.5840709, -1.4291259], [116.584425, -1.4289382], [116.5852296, -1.4286861], [116.58553, -1.4285306], [116.5858358, -1.4283644], [116.5861791, -1.4281498], [116.5865225, -1.4279407], [116.5868658, -1.4277369], [116.587649, -1.4271738], [116.5884805, -1.4266322], [116.5894192, -1.4260691], [116.5901381, -1.4257152], [116.5909427, -1.4253129], [116.591388, -1.4250287], [116.5917313, -1.4247284], [116.5921819, -1.4243262], [116.5925574, -1.4240902], [116.5930241, -1.4238167], [116.5936893, -1.4234467], [116.5944081, -1.423007], [116.5947139, -1.4228246], [116.5949768, -1.4226959], [116.5964735, -1.4219344], [116.5968463, -1.4217548], [116.5971225, -1.4216475], [116.5973049, -1.4215939], [116.5975141, -1.4215295], [116.5998007, -1.4206701], [116.5999972, -1.420589], [116.6000348, -1.420579], [116.6000871, -1.4205783], [116.6001273, -1.4205863], [116.6001484, -1.4205977], [116.6001722, -1.4206138], [116.6002755, -1.4206983], [116.6003644, -1.4207705], [116.6003841, -1.4207712], [116.6003997, -1.4207717], [116.6004425, -1.4207569], [116.6004777, -1.4207419], [116.6005018, -1.4207298], [116.6006061, -1.4206695], [116.6006315, -1.4206487], [116.6006362, -1.4206225], [116.6006302, -1.4205957], [116.6004994, -1.4203443], [116.6003707, -1.4201513], [116.6003479, -1.420095], [116.6003425, -1.4200534], [116.6003627, -1.4199931], [116.6004083, -1.4199475], [116.6004632, -1.419918], [116.6005772, -1.419863], [116.6006818, -1.4198161], [116.6008642, -1.4197571], [116.6018808, -1.4193067], [116.6039461, -1.4183038], [116.6068536, -1.4168344], [116.6079104, -1.416459], [116.6087472, -1.416148], [116.6096055, -1.4158262], [116.6106248, -1.4154079], [116.6119873, -1.4147215], [116.6131031, -1.4141584], [116.6141546, -1.4136489], [116.6152543, -1.4131931], [116.6166812, -1.4126622], [116.6174859, -1.4123297], [116.6183656, -1.4120454], [116.6198516, -1.4115306], [116.621123, -1.411182], [116.6224104, -1.4108442], [116.6239715, -1.4102489], [116.6243872, -1.4101604], [116.6250792, -1.410029], [116.625511, -1.4099727], [116.625739, -1.4099432], [116.6258463, -1.4099164], [116.625908, -1.4098789], [116.6260126, -1.4097984], [116.6261333, -1.4096322], [116.6262728, -1.4093962], [116.6263989, -1.4092407], [116.6264981, -1.4091576], [116.6265973, -1.4091147], [116.6267368, -1.4091254], [116.6268522, -1.4091871], [116.6269326, -1.4092622], [116.6270828, -1.4094257], [116.6272116, -1.4095357], [116.6273162, -1.4096188], [116.6275066, -1.4096965], [116.6277775, -1.4097287], [116.6281718, -1.409718], [116.6286814, -1.4097234], [116.6293037, -1.4097877], [116.6303015, -1.4099808], [116.6307843, -1.4100451], [116.6315407, -1.4100719], [116.6318625, -1.4100237], [116.6327262, -1.4098413], [116.6338742, -1.4095035], [116.6347754, -1.4092461], [116.6353869, -1.4090208], [116.6360789, -1.4087527], [116.6365188, -1.4085811], [116.6369265, -1.4084631], [116.6373128, -1.4083344], [116.6376775, -1.4082379], [116.638214, -1.4081092], [116.6395122, -1.4078196], [116.6399252, -1.4076855], [116.6401371, -1.4075407], [116.6402096, -1.4074093], [116.6403007, -1.4072457], [116.6404992, -1.4070259], [116.6407567, -1.4068382], [116.6416365, -1.4063716], [116.6420549, -1.4061839], [116.6425484, -1.4058729], [116.6431546, -1.4054921], [116.6435301, -1.405224], [116.6438627, -1.4050309], [116.6441846, -1.4048647], [116.6445708, -1.4046984], [116.6448229, -1.4045643], [116.6449249, -1.4044678], [116.6450107, -1.4042748], [116.645118, -1.4037117], [116.6452092, -1.4033953], [116.6453862, -1.4031693], [116.6455418, -1.4030252], [116.6457295, -1.4029877], [116.6458851, -1.4030306], [116.6462016, -1.4032558], [116.6463625, -1.4034757], [116.6468239, -1.404146], [116.6470975, -1.4045214], [116.6474354, -1.405047], [116.6477331, -1.4057013], [116.6478136, -1.4058005], [116.6479611, -1.4059238], [116.6480818, -1.4059855], [116.6481811, -1.4060016], [116.6483608, -1.4060123], [116.6484601, -1.4059909], [116.6494256, -1.4056584], [116.6518825, -1.4047789], [116.6522527, -1.4045643], [116.6527569, -1.4042748], [116.6534167, -1.4038457], [116.6538513, -1.4035722], [116.6547042, -1.4030842], [116.6560453, -1.402387], [116.6581374, -1.4013198], [116.6593122, -1.4007299], [116.659956, -1.4004082], [116.6604173, -1.4002151], [116.6610449, -1.3999202], [116.6628742, -1.3990943], [116.6643226, -1.3984668], [116.6650736, -1.3981451], [116.6655618, -1.3979359], [116.6659319, -1.3977589], [116.6661411, -1.3976785], [116.6664147, -1.397598], [116.666919, -1.3975069], [116.6698614, -1.3965738], [116.6710684, -1.3961957], [116.6719696, -1.3958444], [116.6724041, -1.3956487], [116.6727152, -1.3955039], [116.6730452, -1.3953966], [116.6733912, -1.3953108], [116.6736916, -1.3953108], [116.6739088, -1.3952947], [116.674118, -1.3952384], [116.6747135, -1.3950293], [116.6752312, -1.3948308], [116.6761538, -1.3945064], [116.6774628, -1.3940452], [116.6781092, -1.3937851], [116.6784793, -1.3936162], [116.6787046, -1.3935357], [116.6788655, -1.3934848], [116.6790801, -1.3934419], [116.6794261, -1.3933936], [116.6797882, -1.3933132], [116.6801208, -1.3931925], [116.6808531, -1.3929351], [116.6814566, -1.3927769], [116.682288, -1.3925838], [116.683782, -1.3922862], [116.6846886, -1.3921199], [116.6857964, -1.3918759], [116.6859761, -1.3918786], [116.6861799, -1.3919161], [116.6864937, -1.3918652], [116.6879636, -1.3915112], [116.6892323, -1.3910795], [116.6896775, -1.390916], [116.6898733, -1.3908248], [116.6900584, -1.3907497], [116.6904339, -1.3905486], [116.6909194, -1.3902268], [116.692054, -1.3893554], [116.6927701, -1.3888808], [116.6933039, -1.3885349], [116.6938457, -1.3882319], [116.6952458, -1.387532], [116.6970429, -1.3866632], [116.6986093, -1.3859044], [116.6987836, -1.3858159], [116.698899, -1.3857757], [116.6991457, -1.385781], [116.6992503, -1.385773], [116.6994059, -1.385714], [116.7012539, -1.3848935], [116.7027238, -1.3842231], [116.7032227, -1.3840783], [116.7043841, -1.3836708], [116.7068785, -1.3826867], [116.7087722, -1.3818233], [116.7093489, -1.3817401], [116.7097753, -1.3815873], [116.7106175, -1.3812199], [116.7111781, -1.3809625], [116.7120203, -1.3806568], [116.7122349, -1.3806059], [116.7124146, -1.3805844], [116.712766, -1.3804799], [116.7140213, -1.3799918], [116.7147616, -1.3797451], [116.7159578, -1.3793563], [116.7177737, -1.378804], [116.7196915, -1.3781711], [116.7199865, -1.3780853], [116.7202681, -1.3779808], [116.7205337, -1.3778628], [116.7217487, -1.3774445], [116.7221537, -1.3772461], [116.7222744, -1.3772192], [116.7225051, -1.3771763], [116.7230254, -1.3770074], [116.7242807, -1.3765918], [116.7256406, -1.3761708], [116.7270648, -1.3756881], [116.7277247, -1.3755058], [116.729157, -1.3751599], [116.7308816, -1.3747416], [116.7322952, -1.3742938], [116.7335397, -1.3738889], [116.7358249, -1.373358], [116.7364848, -1.3732239], [116.7399824, -1.3725535], [116.7421818, -1.3722505], [116.7424312, -1.3722532], [116.7426699, -1.3722425], [116.7430723, -1.3721889], [116.745277, -1.3719743], [116.7461461, -1.3718939], [116.7464948, -1.3718027], [116.7469918, -1.3716279], [116.7479163, -1.3713308], [116.7488015, -1.3710627], [116.7491448, -1.3708857], [116.74981, -1.3705961], [116.7500085, -1.3704888], [116.750223, -1.3703548], [116.7504966, -1.3701188], [116.7505825, -1.3700169], [116.7507005, -1.3696415], [116.7507112, -1.3693573], [116.7507254, -1.3690366], [116.750679, -1.3687834], [116.7506924, -1.3687593], [116.7507568, -1.368711], [116.7508426, -1.3687244], [116.751489, -1.3692071], [116.7516714, -1.3691749], [116.751945, -1.3691374], [116.7521489, -1.3689765], [116.752181, -1.3687781], [116.7520308, -1.3685904], [116.7517841, -1.3683812], [116.7515802, -1.3682364], [116.7513281, -1.3681104], [116.7513013, -1.3680594], [116.7513335, -1.3679897], [116.7514113, -1.3679495], [116.7515051, -1.3679522], [116.7520362, -1.368349], [116.7524493, -1.3686467], [116.7526263, -1.3687727], [116.7527819, -1.3687352], [116.7528757, -1.3686467], [116.7529187, -1.3685072], [116.7529562, -1.3684456], [116.753034, -1.3683946], [116.7533559, -1.3683678], [116.7538279, -1.3682686], [116.7543483, -1.368097], [116.7549008, -1.3678074], [116.7555606, -1.3673354], [116.7563707, -1.3667616], [116.7569876, -1.3663272], [116.7581463, -1.3654692], [116.7591333, -1.3648256], [116.7607158, -1.3635117], [116.7620194, -1.3618331], [116.7628777, -1.3603422], [116.7637038, -1.3587226], [116.7644119, -1.3567062], [116.7647338, -1.3556175], [116.7649698, -1.3544966], [116.7652595, -1.3527162], [116.7654687, -1.351059], [116.7655492, -1.3490586], [116.7655599, -1.348104], [116.7654419, -1.3468116], [116.7652166, -1.3446986], [116.7648411, -1.3430146], [116.7644226, -1.3408962], [116.763795, -1.3394429], [116.7630601, -1.3380324], [116.762647, -1.3368633], [116.7622769, -1.3355387], [116.7619121, -1.3346377], [116.7615473, -1.3342247], [116.7608929, -1.3337099], [116.7592943, -1.3324442], [116.7588222, -1.3315862], [116.7585647, -1.3311357], [116.7581838, -1.3307549], [116.7576742, -1.3304278], [116.757186, -1.3301811], [116.7570573, -1.330165], [116.7568347, -1.3302374], [116.7565879, -1.330476], [116.7561668, -1.3309935], [116.7560381, -1.3313019], [116.7555148, -1.3320281], [116.7543966, -1.3311571], [116.7550537, -1.3299505], [116.7554775, -1.3295777], [116.7558753, -1.3293423], [116.7561614, -1.3290924], [116.7564753, -1.3288564], [116.7566094, -1.3287733], [116.7571217, -1.32843], [116.7573684, -1.3283201], [116.7583474, -1.3278991], [116.7591763, -1.3275559], [116.7605737, -1.3270544], [116.7614722, -1.3266871], [116.7624378, -1.3262339], [116.7628053, -1.325896], [116.7628992, -1.3257191], [116.7629099, -1.3252954], [116.7627972, -1.3250165], [116.7626524, -1.3247537], [116.7624459, -1.3244802], [116.7623252, -1.3242576], [116.7623171, -1.3240297], [116.7623252, -1.323649], [116.7624512, -1.3228391], [116.7627785, -1.3217317], [116.7628106, -1.3214528], [116.7629099, -1.319927], [116.7629421, -1.3193157], [116.7628992, -1.3182109], [116.7628831, -1.3171544], [116.7629689, -1.316307], [116.7629796, -1.3157171], [116.7629743, -1.3151432], [116.7628616, -1.3147142], [116.7627114, -1.3141404], [116.7626846, -1.3140277], [116.7626631, -1.3139419], [116.7625719, -1.3136577], [116.7623842, -1.3130034], [116.7622125, -1.3126012], [116.7620784, -1.3122687], [116.7619872, -1.3118664], [116.761896, -1.3113623], [116.7618155, -1.3108904], [116.761778, -1.3104452], [116.7616546, -1.3096032], [116.7615956, -1.3090723], [116.7614722, -1.3074473], [116.7613542, -1.3062245], [116.7612308, -1.3055971], [116.7612094, -1.3053128], [116.7611772, -1.3049106], [116.761145, -1.3044226], [116.7610323, -1.3029585], [116.7610002, -1.3015855], [116.761052, -1.2993396], [116.7611442, -1.2970334], [116.7611611, -1.2964692], [116.7611986, -1.2954663], [116.7611664, -1.2949032], [116.7611396, -1.2944312], [116.7611182, -1.2930154], [116.7611074, -1.2926453], [116.7610323, -1.2923343], [116.7609197, -1.292168], [116.7607105, -1.2918784], [116.7606193, -1.291562], [116.7606568, -1.2908648], [116.7609358, -1.2898351], [116.761263, -1.2887464], [116.7613478, -1.2885008], [116.7616224, -1.287706], [116.7617887, -1.2868908], [116.7620194, -1.2859442], [116.7623144, -1.2851692], [116.7626685, -1.2840162], [116.7629421, -1.2832868], [116.7634463, -1.2821766], [116.7641813, -1.2805355], [116.7648357, -1.2791036], [116.7653024, -1.2778969], [116.7654687, -1.2772211], [116.7655411, -1.2768538], [116.7654794, -1.2764703], [116.7653319, -1.2753146], [116.7652702, -1.2751698], [116.7652112, -1.275151], [116.7651629, -1.2751564], [116.765112, -1.2753494], [116.7650261, -1.2758455], [116.7649671, -1.2764274], [116.7649537, -1.2768699], [116.7649323, -1.2771514], [116.7647901, -1.2775295], [116.764605, -1.2778433], [116.7643985, -1.2781356], [116.7640364, -1.2784681], [116.7637092, -1.2787979], [116.7635751, -1.2789132], [116.7633444, -1.2790821], [116.7631137, -1.2795594], [116.762985, -1.2797954], [116.7627919, -1.2801762], [116.7626738, -1.2805355], [116.7626202, -1.2809163], [116.7625934, -1.281399], [116.7626256, -1.2817744], [116.7625639, -1.2818441], [116.762462, -1.2818468], [116.76236, -1.2817905], [116.762293, -1.2814553], [116.7622501, -1.2808305], [116.7622822, -1.2804497], [116.7623976, -1.2798893], [116.7627114, -1.279184], [116.762993, -1.2787389], [116.7632022, -1.2783259], [116.7632958, -1.2780096], [116.7633846, -1.2777092], [116.7634651, -1.277492], [116.7635858, -1.2772238], [116.7638326, -1.2767975], [116.7648357, -1.27521], [116.7656565, -1.2741535], [116.7661446, -1.2733275], [116.7664833, -1.2728822], [116.7666248, -1.2726961], [116.7667401, -1.2725445], [116.7675823, -1.2712896], [116.768049, -1.2706085], [116.7684299, -1.2702438], [116.7692292, -1.2696914], [116.769492, -1.2694393], [116.769948, -1.2687475], [116.7703825, -1.268238], [116.770817, -1.2677285], [116.7709941, -1.2675086], [116.7711872, -1.2671868], [116.7715949, -1.266452], [116.7719811, -1.2656905], [116.7722708, -1.265063], [116.7723942, -1.264709], [116.7723942, -1.2644677], [116.7723834, -1.2638509], [116.7724693, -1.2630197], [116.7725283, -1.2625692], [116.7725712, -1.2622688], [116.7726839, -1.2618988], [116.7727911, -1.2615931], [116.7728662, -1.2613035], [116.7729467, -1.2610299], [116.7732203, -1.2604561], [116.7735314, -1.2596087], [116.773687, -1.258933], [116.7738104, -1.2585093], [116.7741143, -1.2576919], [116.7741832, -1.2574956], [116.7742422, -1.2573562], [116.7742637, -1.2572945], [116.7744112, -1.2570746], [116.7752534, -1.2560476], [116.775881, -1.2543958], [116.7761332, -1.2534358], [116.7769539, -1.2513227], [116.777249, -1.2503895], [116.7773777, -1.2499443], [116.7775547, -1.2495153], [116.777764, -1.2490916], [116.7779767, -1.2485102], [116.7781877, -1.2480083], [116.7782414, -1.2476167], [116.7780536, -1.2471877], [116.7775977, -1.2469356], [116.7773348, -1.2467962], [116.7772517, -1.2466219], [116.7772704, -1.2464744], [116.7773938, -1.24641], [116.7776808, -1.2464664], [116.7778176, -1.2464476], [116.7779249, -1.2463591], [116.7779839, -1.246107], [116.7778981, -1.2457396], [116.7778337, -1.2454286], [116.7778283, -1.2453106], [116.7778417, -1.24497], [116.7779839, -1.2445088], [116.7780831, -1.2438143], [116.7780697, -1.2437204], [116.7779329, -1.2435622], [116.7775306, -1.2432444], [116.7775521, -1.2432136], [116.7776258, -1.2430782], [116.7776956, -1.2429414], [116.7776969, -1.2428717], [116.7775904, -1.2427609], [116.7774622, -1.2427256], [116.7773201, -1.2429133], [116.7772528, -1.2429345], [116.777199, -1.2429278], [116.7769972, -1.2429519], [116.7769637, -1.2429522], [116.7769318, -1.2429525], [116.776913, -1.2429527], [116.7768908, -1.242952], [116.7768528, -1.2429532], [116.7766643, -1.2430085], [116.7764604, -1.2430996], [116.7763826, -1.2431171], [116.7760473, -1.2431439], [116.7760071, -1.243168], [116.7759508, -1.2432444], [116.7758636, -1.2433933], [116.7758086, -1.2434456], [116.7754361, -1.2435075], [116.7750335, -1.2434683], [116.7746722, -1.2434474], [116.7744675, -1.2433745], [116.7743632, -1.2432672], [116.7742047, -1.2430178], [116.7741886, -1.2428704], [116.7741966, -1.2427068], [116.7741457, -1.2426183], [116.7739606, -1.2425539], [116.7738909, -1.2425593], [116.7737406, -1.2428087], [116.773569, -1.242991], [116.7731653, -1.2435381], [116.7730983, -1.2434965], [116.7729239, -1.2437271], [116.7729883, -1.2437928], [116.7726195, -1.2441562], [116.7725404, -1.244179], [116.7724358, -1.2441414], [116.7722949, -1.2440167], [116.7722426, -1.243876], [116.77224, -1.2437459], [116.7722882, -1.2436789], [116.7722695, -1.243652], [116.7723218, -1.2436038], [116.7723982, -1.2436587], [116.7727455, -1.2432444], [116.7726959, -1.2431358], [116.7727241, -1.2430111], [116.7730848, -1.2425271], [116.7726369, -1.2419571], [116.7726312, -1.2419456], [116.7726212, -1.2419364], [116.77248, -1.2418245], [116.7722976, -1.2416288], [116.7722239, -1.2416221], [116.7721206, -1.2416422], [116.7719758, -1.2417146], [116.7718202, -1.2417173], [116.7715198, -1.2415792], [116.7711905, -1.2413164], [116.7710256, -1.241185], [116.7709907, -1.2411722], [116.7709532, -1.241181], [116.770921, -1.2412098], [116.7708626, -1.2412762], [116.7708063, -1.2413016], [116.7707594, -1.2412976], [116.7706977, -1.2412641], [116.7706574, -1.2412279], [116.7706561, -1.2411354], [116.7707842, -1.2409477], [116.7707996, -1.2409128], [116.7707996, -1.2408796], [116.7707869, -1.2408421], [116.770753, -1.2407781], [116.7707321, -1.2407526], [116.7707259, -1.2407479], [116.7707192, -1.2407429], [116.7706813, -1.2407046], [116.7706209, -1.2406695], [116.770581, -1.2406725], [116.7705421, -1.2406976], [116.7704932, -1.2407392], [116.7704556, -1.2407646], [116.7704194, -1.240762], [116.7697656, -1.2403658], [116.7695498, -1.2401952], [116.769543, -1.2401888], [116.7695368, -1.2401817], [116.7693955, -1.2399635], [116.769138, -1.2395774], [116.7686901, -1.2391529], [116.7686828, -1.2391468], [116.7686732, -1.2391388], [116.7684942, -1.2389874], [116.7686418, -1.2388024], [116.7685036, -1.2386033], [116.7684567, -1.2385946], [116.7684118, -1.2385993], [116.7683762, -1.2386154], [116.768342, -1.2386402], [116.7682673, -1.2387139], [116.7682482, -1.2387186], [116.768229, -1.2387196], [116.7682138, -1.2387138], [116.7682033, -1.2387054], [116.7681968, -1.2387003], [116.768159, -1.2386764], [116.7681315, -1.2386475], [116.7681214, -1.2386107], [116.7681241, -1.2385731], [116.7682263, -1.2382731], [116.7682824, -1.2381441], [116.768277, -1.2380623], [116.7682274, -1.2379751], [116.7681724, -1.237947], [116.7681053, -1.2379443], [116.767998, -1.2379979], [116.7677727, -1.2384109], [116.767644, -1.2382661], [116.7676225, -1.2381883], [116.7676306, -1.2380569], [116.7676333, -1.2378397], [116.767644, -1.2375957], [116.7676279, -1.2374053], [116.7674884, -1.237113], [116.7673463, -1.2369012], [116.7670676, -1.2365568], [116.7663056, -1.235791], [116.765648, -1.2351195], [116.7648035, -1.2340962], [116.7646211, -1.2338602], [116.7645138, -1.2337691], [116.7642161, -1.2334902], [116.7639864, -1.2333456], [116.7630815, -1.2325972], [116.7627141, -1.2324015], [116.762588, -1.2323693], [116.762415, -1.2324189], [116.7622179, -1.2324926], [116.7620838, -1.2325972], [116.7619818, -1.2327688], [116.7617404, -1.2325489], [116.7616788, -1.2324041], [116.7615741, -1.2322567], [116.7613032, -1.2320636], [116.7610575, -1.2320111], [116.7609173, -1.2319975], [116.7606702, -1.231908], [116.7604771, -1.2317713], [116.7603618, -1.231656], [116.7602009, -1.2314656], [116.7600507, -1.2312671], [116.7599863, -1.2311089], [116.7599085, -1.230948], [116.7598253, -1.2307442], [116.7597583, -1.2306826], [116.7596604, -1.2306102], [116.7594123, -1.2305297], [116.7592299, -1.23046], [116.7590502, -1.2303554], [116.7586988, -1.2301436], [116.758385, -1.2298781], [116.7582294, -1.2297065], [116.7580444, -1.2295482], [116.7574382, -1.2290843], [116.7571198, -1.228791], [116.7565101, -1.2284059], [116.7559737, -1.2278615], [116.7557994, -1.2276202], [116.7555606, -1.2273735], [116.7553943, -1.2271992], [116.7547935, -1.2265288], [116.7545521, -1.2262338], [116.7542437, -1.225845], [116.7540747, -1.2256653], [116.7538977, -1.2255205], [116.7535517, -1.2252899], [116.7533666, -1.2251772], [116.7530984, -1.2250056], [116.7525536, -1.2247064], [116.7524224, -1.2246999], [116.7521435, -1.2247831], [116.7520043, -1.224775], [116.7518753, -1.2246946], [116.7516953, -1.2242945], [116.751186, -1.2236756], [116.7507085, -1.2232304], [116.7501184, -1.2225734], [116.7498207, -1.2222731], [116.7494613, -1.2219084], [116.7491475, -1.2215678], [116.7485654, -1.2209698], [116.7483214, -1.2207955], [116.7478278, -1.2203048], [116.7474309, -1.2197658], [116.7472351, -1.2196639], [116.7470178, -1.2196505], [116.746873, -1.2196532], [116.7467871, -1.2196263], [116.7466933, -1.2194628], [116.7466342, -1.2194118], [116.7461935, -1.2193603], [116.7460305, -1.2193174], [116.7458537, -1.2189667], [116.7457169, -1.2189157], [116.7445502, -1.2186046], [116.7444482, -1.2185725], [116.743834, -1.2183848], [116.743724, -1.2183633], [116.7427933, -1.2181139], [116.742745, -1.2182721], [116.7424599, -1.2182705], [116.7423213, -1.2182882], [116.7421737, -1.2181595], [116.7419726, -1.2180844], [116.741876, -1.2180764], [116.7412325, -1.2179788], [116.7402989, -1.2178055], [116.7398643, -1.2177278], [116.7392501, -1.2176285], [116.7391616, -1.2177331], [116.7389685, -1.2176795], [116.7387968, -1.217583], [116.7387405, -1.217583], [116.7380617, -1.2175096], [116.7377722, -1.217465], [116.7374289, -1.2174194], [116.7372707, -1.2174328], [116.7370879, -1.2174228], [116.737038, -1.2174247], [116.7370047, -1.2174247], [116.7367423, -1.2173899], [116.7356237, -1.2173819], [116.7355631, -1.2173772], [116.7355286, -1.2173711], [116.7350243, -1.2172282], [116.7344936, -1.217231], [116.7342507, -1.2172922], [116.7338401, -1.2173657], [116.7333249, -1.2173514], [116.7329925, -1.2173389], [116.7328343, -1.2173228], [116.732617, -1.2172987], [116.73244, -1.2172799], [116.7322496, -1.2172558], [116.7320503, -1.2172421], [116.7313712, -1.2170479], [116.7309245, -1.2169957], [116.7307341, -1.2169447], [116.7305115, -1.2168911], [116.7302889, -1.2168589], [116.7299965, -1.2168884], [116.7297658, -1.2168938], [116.7292938, -1.2168455], [116.7291945, -1.2168267], [116.7289638, -1.2167946], [116.728583, -1.2167061], [116.7282236, -1.2166524], [116.7279473, -1.2166471], [116.7278789, -1.2166578], [116.7277944, -1.2166632], [116.7277059, -1.2166605], [116.7275611, -1.2166364], [116.7273384, -1.2166042], [116.7268369, -1.2164915], [116.7259705, -1.2163387], [116.7255682, -1.2162422], [116.7252436, -1.2161724], [116.7248646, -1.2161081], [116.7245811, -1.2161134], [116.7243317, -1.2161027], [116.7241788, -1.216092], [116.7239347, -1.2160679], [116.7234492, -1.2160303], [116.7230979, -1.2159981], [116.7226553, -1.2159794], [116.722481, -1.215982], [116.7222503, -1.2159981], [116.7220116, -1.2159928], [116.7217568, -1.2159847], [116.7213464, -1.2159499], [116.7210138, -1.2159257], [116.7205967, -1.2158935], [116.7204492, -1.2158775], [116.7202413, -1.2158372], [116.720134, -1.2158185], [116.7198792, -1.2157327], [116.7198122, -1.2157192], [116.7197196, -1.2156937], [116.7195909, -1.2156656], [116.7194702, -1.2156723], [116.7193508, -1.2157072], [116.7192462, -1.2157434], [116.7190987, -1.2157568], [116.7188975, -1.2157407], [116.7187634, -1.2157407], [116.71864, -1.2157689], [116.7185207, -1.2158439], [116.7183879, -1.215907], [116.7182189, -1.2159338], [116.7180526, -1.2159351], [116.7179945, -1.2159326], [116.7179803, -1.215932], [116.7179642, -1.2159281], [116.7178474, -1.2159003], [116.7176557, -1.2158466], [116.7174521, -1.2158292], [116.7172777, -1.2158544], [116.7173817, -1.2137008], [116.7174839, -1.2115816], [116.7180634, -1.2115708], [116.7183423, -1.2115601], [116.7189144, -1.2115343], [116.7194729, -1.211561], [116.7198404, -1.2115766], [116.7201687, -1.2116391], [116.721142, -1.2117056], [116.7222522, -1.2116509], [116.7233467, -1.2115493], [116.7246523, -1.2113695], [116.7259853, -1.2112366], [116.7267124, -1.211264], [116.7269425, -1.2113203], [116.727287, -1.2114047], [116.7277092, -1.2115258], [116.7280375, -1.2115414], [116.7282721, -1.2115343], [116.7290695, -1.2114281], [116.7303125, -1.2112444], [116.7315204, -1.2110725], [116.7328847, -1.2108849], [116.733557, -1.2107364], [116.7337798, -1.210623], [116.733987, -1.2104823], [116.734202, -1.2103612], [116.7345069, -1.2103026], [116.7349955, -1.2102244], [116.7357226, -1.2100056], [116.7363324, -1.2097711], [116.7369539, -1.2095366], [116.7376849, -1.2091536], [116.738455, -1.2085752], [116.7389006, -1.2082625], [116.7391899, -1.2080906], [116.7394244, -1.2080593], [116.7396296, -1.2080906], [116.7398779, -1.2080749], [116.7400029, -1.2080241], [116.7401222, -1.2079245], [116.7402258, -1.207901], [116.7403391, -1.2078932], [116.7406206, -1.2079577], [116.7408317, -1.2080398], [116.7410975, -1.2080788], [116.7415001, -1.2080554], [116.7422702, -1.2078678], [116.7429894, -1.2075044], [116.743994, -1.2069533], [116.7449635, -1.2062889], [116.7461283, -1.2054252], [116.7472619, -1.2044208], [116.7477701, -1.203905], [116.7485285, -1.2032562], [116.7492092, -1.2027107], [116.7499122, -1.2021385], [116.7507566, -1.2014272], [116.7521716, -1.2003798], [116.7544076, -1.1988478], [116.7549236, -1.1984609], [116.7551386, -1.1983046], [116.7557914, -1.1980271], [116.7563934, -1.1977223], [116.757183, -1.1970501], [116.7579061, -1.1961434], [116.7585355, -1.1953383], [116.7588912, -1.1948811], [116.7592586, -1.1943691], [116.7601147, -1.1930481], [116.7609564, -1.1920121], [116.7619754, -1.1911097], [116.7634463, -1.1900427], [116.765517, -1.1883158], [116.766544, -1.1874898], [116.7666355, -1.1874121], [116.7666998, -1.1873504], [116.7667454, -1.1872324], [116.7667589, -1.1871707], [116.7667508, -1.1870474], [116.7667133, -1.1868328], [116.7666623, -1.1867148], [116.7665309, -1.1865137], [116.7663512, -1.1862214], [116.766091, -1.1858085], [116.7657182, -1.1852292], [116.7655224, -1.1848726], [116.7654017, -1.1845964], [116.7653239, -1.1844247], [116.7652568, -1.1843738], [116.7651737, -1.184355], [116.7650731, -1.1843671], [116.7649806, -1.1843765], [116.7649564, -1.1843657], [116.7649229, -1.1843403], [116.764892, -1.1842625], [116.7648706, -1.1841432], [116.7648786, -1.1840694], [116.7649108, -1.1839957], [116.7649819, -1.1839166], [116.7650087, -1.1838817], [116.7650422, -1.1838267], [116.7650578, -1.1837989], [116.7650671, -1.1837831], [116.7650764, -1.1837657], [116.7651019, -1.1837101], [116.7651093, -1.1836839], [116.7651147, -1.1836511], [116.7651153, -1.1836055], [116.7651147, -1.183511], [116.765108, -1.183393], [116.7650999, -1.1833346], [116.7650878, -1.183275], [116.7650771, -1.183214], [116.7650369, -1.1830531], [116.7650302, -1.1830142], [116.7650449, -1.1829539], [116.765057, -1.1829284], [116.7650771, -1.1828989], [116.7650811, -1.1828814], [116.7650717, -1.1827876], [116.7650557, -1.1827004], [116.7650382, -1.1826334], [116.765006, -1.1825328], [116.7649645, -1.1824551], [116.7649242, -1.1824095], [116.7648357, -1.1823666], [116.764719, -1.1823237], [116.7645876, -1.1822754], [116.7645112, -1.1822446], [116.7644615, -1.1822191], [116.7643945, -1.1821668], [116.7643274, -1.1821158], [116.7642859, -1.1820904], [116.7642027, -1.1820703], [116.7640994, -1.1820542], [116.7640176, -1.1820448], [116.763905, -1.1820381], [116.7638057, -1.182022], [116.7636891, -1.1819965], [116.7635643, -1.1819603], [116.7634436, -1.1819228], [116.7633323, -1.1818772], [116.7631701, -1.1817887], [116.7628174, -1.1816023], [116.762765, -1.1815916], [116.762698, -1.1815876], [116.7626122, -1.1815983], [116.7625733, -1.1815943], [116.7624982, -1.1815554], [116.7623439, -1.181483], [116.7620073, -1.1813221], [116.7617619, -1.1812041], [116.7616412, -1.1811437], [116.761605, -1.1811277], [116.7615728, -1.1811344], [116.7615406, -1.1811558], [116.7615071, -1.1811612], [116.7614467, -1.1811545], [116.7613904, -1.181137], [116.7613234, -1.1810995], [116.7613006, -1.1810713], [116.7612898, -1.1810351], [116.7612952, -1.1809748], [116.7612965, -1.1809145], [116.7612898, -1.1808877], [116.7612717, -1.1808622], [116.7612516, -1.1808468], [116.7612255, -1.1808407], [116.76121, -1.1808474], [116.7612007, -1.1808669], [116.7611939, -1.180893], [116.7611879, -1.1809292], [116.7611792, -1.1809621], [116.7611631, -1.1809996], [116.7611101, -1.1811263], [116.7610766, -1.181196], [116.7610632, -1.1812001], [116.7610431, -1.181194], [116.761025, -1.1811779], [116.7610062, -1.1811484], [116.7609901, -1.1811364], [116.76097, -1.181131], [116.7609552, -1.1811424], [116.7609519, -1.1811545], [116.7609559, -1.1811719], [116.7609653, -1.1811826], [116.7609867, -1.1811934], [116.7610189, -1.1812061], [116.7610411, -1.1812195], [116.7610605, -1.1812456], [116.7610659, -1.1812751], [116.7610592, -1.1812919], [116.7610444, -1.1813167], [116.7610162, -1.1813502], [116.7609707, -1.1813931], [116.7609452, -1.1814287], [116.7609277, -1.1814602], [116.7608788, -1.1815272], [116.7608707, -1.1815406], [116.7608754, -1.1815567], [116.7608888, -1.1815628], [116.7609237, -1.1815312], [116.7609579, -1.1815044], [116.7609874, -1.1814937], [116.7610183, -1.181493], [116.7611109, -1.1815602], [116.7617115, -1.1820037], [116.7614047, -1.1824004], [116.7615689, -1.1825313], [116.7615005, -1.1826183], [116.7616754, -1.1827326], [116.7618063, -1.1825997], [116.7620282, -1.1827384], [116.7620673, -1.1826632], [116.7623155, -1.1828303], [116.7624269, -1.182926], [116.762335, -1.1830648], [116.7625168, -1.1832231], [116.7624523, -1.1833325], [116.7627328, -1.1835201], [116.7628911, -1.1836207], [116.7629106, -1.1836422], [116.7629243, -1.183671], [116.7629219, -1.1837003], [116.7627298, -1.1839539], [116.762507, -1.1843427], [116.7623507, -1.1846026], [116.7621239, -1.1849309], [116.7619559, -1.1851615], [116.7618269, -1.1852475], [116.7617018, -1.1852475], [116.761522, -1.1851654], [116.7613539, -1.1850247], [116.761135, -1.1846183], [116.7608457, -1.1839422], [116.7607402, -1.1834888], [116.7607167, -1.1832035], [116.760748, -1.1826446], [116.7606854, -1.1821131], [116.7606346, -1.1817184], [116.7605682, -1.1815074], [116.7603923, -1.1812963], [116.7602594, -1.1812143], [116.7601186, -1.1810618], [116.7599974, -1.1809016], [116.7597707, -1.1805049], [116.7596163, -1.180376], [116.7593935, -1.1803388], [116.7592235, -1.18029], [116.7590476, -1.1802314], [116.758901, -1.1801649], [116.7587466, -1.1801004], [116.7585648, -1.1800692], [116.7583967, -1.1800555], [116.758127, -1.1800535], [116.7579824, -1.1800379], [116.7578182, -1.1800047], [116.7577478, -1.1799715], [116.7575993, -1.1798796], [116.7574546, -1.17978], [116.7572827, -1.1796842], [116.7569875, -1.1795474], [116.7562018, -1.1793696], [116.7558617, -1.1792836], [116.7554767, -1.1792172], [116.7551659, -1.1791781], [116.7549803, -1.1791156], [116.7547223, -1.1789925], [116.7545151, -1.1788381], [116.754349, -1.1787052], [116.7541574, -1.1785782], [116.7539913, -1.1784825], [116.7535632, -1.1782128], [116.7531896, -1.1780666], [116.7529104, -1.1779627], [116.7526603, -1.1779314], [116.7524335, -1.1779588], [116.7522225, -1.1779451], [116.7520641, -1.1778904], [116.7519586, -1.1777985], [116.751878, -1.1776429], [116.751814, -1.1774331], [116.7517319, -1.1772318], [116.7515892, -1.177056], [116.7513859, -1.1768977], [116.7511866, -1.1767687], [116.7510341, -1.1767003], [116.7509149, -1.1766886], [116.7508367, -1.1766534], [116.750782, -1.1765909], [116.7507429, -1.1764717], [116.750741, -1.1763525], [116.7507859, -1.1762607], [116.7508524, -1.1761766], [116.7510244, -1.1760692], [116.7513273, -1.1758601], [116.7514113, -1.1757301], [116.7514866, -1.175606], [116.7515433, -1.1755328], [116.751641, -1.1754702], [116.7517319, -1.1754302], [116.7518374, -1.1754292], [116.7520133, -1.1754263], [116.7521247, -1.1754067], [116.7521951, -1.1753188], [116.7522303, -1.1751605], [116.7521784, -1.1750095], [116.7520496, -1.1748674], [116.7518243, -1.1747681], [116.7516473, -1.1748003], [116.7513547, -1.1748948], [116.7510889, -1.175055], [116.7504411, -1.1753441], [116.7500667, -1.1754761], [116.7495552, -1.1756343], [116.749021, -1.1756412], [116.7484933, -1.1756295], [116.7482666, -1.1756529], [116.7480555, -1.175778], [116.747946, -1.1759539], [116.7477818, -1.1761962], [116.7474457, -1.1766026], [116.7468925, -1.1772103], [116.746787, -1.1773706], [116.7467401, -1.1774917], [116.7467127, -1.1776461], [116.7466795, -1.1778611], [116.7466013, -1.1781542], [116.7465231, -1.1783222], [116.7462561, -1.1787987], [116.7462046, -1.1788459], [116.7461244, -1.1788615], [116.7460039, -1.1788174], [116.7459818, -1.1787873], [116.745972, -1.1787052], [116.7460052, -1.1785391], [116.7460549, -1.1783937], [116.7462007, -1.1781678], [116.7463042, -1.1780272], [116.7463551, -1.1778532], [116.7463042, -1.1775836], [116.7462847, -1.1775132], [116.7462261, -1.1774273], [116.7461362, -1.1773413], [116.7460834, -1.1773335], [116.7460199, -1.1773481], [116.7459339, -1.1773725], [116.7458723, -1.1773774], [116.7457765, -1.1773413], [116.7457374, -1.1773061], [116.745715, -1.177268], [116.7457003, -1.177224], [116.7457159, -1.1771459], [116.7457902, -1.1770091], [116.7459055, -1.1767433], [116.7460736, -1.1763681], [116.7461783, -1.1761546], [116.7462466, -1.1760369], [116.7462876, -1.1759656], [116.7463424, -1.1758874], [116.7464479, -1.1759773], [116.7468007, -1.1756432], [116.7467059, -1.1755494], [116.7466981, -1.1755191], [116.7466981, -1.1754966], [116.7467274, -1.1754439], [116.7467792, -1.1753833], [116.7468789, -1.1753022], [116.7469854, -1.1752445], [116.7471701, -1.1751547], [116.7473049, -1.1750804], [116.7475121, -1.1749905], [116.7476998, -1.1749045], [116.7479656, -1.1747638], [116.7480613, -1.1746622], [116.7481297, -1.174502], [116.7481337, -1.174373], [116.7481122, -1.1742421], [116.7480652, -1.1741131], [116.748034, -1.1739842], [116.7480242, -1.1737008], [116.7479773, -1.1735132], [116.7476138, -1.1732768], [116.747475, -1.1735972], [116.7474437, -1.1736285], [116.7474164, -1.1736578], [116.7473773, -1.1736627], [116.7473147, -1.1736402], [116.7469746, -1.1733862], [116.7469297, -1.1734341], [116.7467352, -1.1732699], [116.7466619, -1.1732172], [116.7465446, -1.1731693], [116.7463687, -1.1731146], [116.7463052, -1.1733061], [116.7465046, -1.1733764], [116.7464977, -1.1734253], [116.7465222, -1.173438], [116.7463766, -1.1736383], [116.7461762, -1.173481], [116.7459094, -1.1732553], [116.745669, -1.173097], [116.7455146, -1.1729954], [116.7453153, -1.172884], [116.7454345, -1.1727179], [116.7441895, -1.1718816], [116.7441113, -1.1715845], [116.744166, -1.1713344], [116.7442833, -1.1711195], [116.7444553, -1.1709123], [116.7448384, -1.1708185], [116.745112, -1.1707638], [116.7453991, -1.1706183], [116.745607, -1.1707122], [116.7458121, -1.1706143], [116.7459583, -1.1705177], [116.7460978, -1.1702764], [116.7461099, -1.1699667], [116.746316, -1.1696578], [116.7465622, -1.1694194], [116.7468359, -1.1692826], [116.7472346, -1.1692396], [116.7476454, -1.1692815], [116.7478444, -1.1693284], [116.7480164, -1.1694077], [116.7482783, -1.1693725], [116.7489975, -1.169052], [116.7494901, -1.1688254], [116.7499748, -1.168583], [116.7505064, -1.1681375], [116.7508507, -1.1677529], [116.751038, -1.1675239], [116.7512637, -1.1671415], [116.7513898, -1.1669123], [116.7514446, -1.1667912], [116.7515325, -1.1665156], [116.7516029, -1.1663691], [116.7517084, -1.1662362], [116.7518198, -1.16616], [116.7519547, -1.1660642], [116.7521892, -1.1658415], [116.7522811, -1.1657301], [116.7523495, -1.1656246], [116.7524316, -1.1653471], [116.752457, -1.1651868], [116.7524472, -1.1650696], [116.7523671, -1.1649211], [116.7523182, -1.1648468], [116.752285, -1.1647335], [116.7522508, -1.1645019], [116.7522264, -1.1643691], [116.7521971, -1.1641736], [116.7521804, -1.1639138], [116.7521599, -1.1636001], [116.7521345, -1.163479], [116.7520935, -1.1633871], [116.7520094, -1.1632738], [116.7519117, -1.1631722], [116.7517847, -1.1630139], [116.7516869, -1.1628576], [116.751599, -1.1626876], [116.7515618, -1.1625175], [116.7515697, -1.1624257], [116.7516254, -1.1623681], [116.7515916, -1.1622962], [116.7514954, -1.1621365], [116.7514504, -1.1620476], [116.7514182, -1.1620046], [116.7514118, -1.1619758], [116.7514133, -1.1619411], [116.7514416, -1.1619069], [116.7515364, -1.1618532], [116.7514853, -1.1616281], [116.7514563, -1.1614887], [116.7514328, -1.161434], [116.7514055, -1.1613979], [116.7513415, -1.1614242], [116.7513058, -1.1614277], [116.7512872, -1.1614193], [116.7512716, -1.1614027], [116.7512623, -1.1613837], [116.7512638, -1.1613671], [116.7512687, -1.1613588], [116.7513454, -1.1613343], [116.7513752, -1.1613866], [116.7514939, -1.1613295], [116.7514827, -1.1613001], [116.7515252, -1.1612699], [116.7515066, -1.1612254], [116.7514167, -1.1612303], [116.7513894, -1.1612244], [116.7513693, -1.1612103], [116.7513459, -1.1611839], [116.7513229, -1.1611526], [116.7512823, -1.1611404], [116.7512281, -1.1611492], [116.7511734, -1.1611487], [116.7511436, -1.1611419], [116.7511231, -1.1611233], [116.7511113, -1.1610911], [116.7511152, -1.161074], [116.7511279, -1.1610608], [116.7511621, -1.1610442], [116.7515568, -1.1608953], [116.7515769, -1.1608832], [116.7515869, -1.1608745], [116.7515903, -1.1608557], [116.7515943, -1.1608249], [116.751605, -1.1608008], [116.7516164, -1.1607853], [116.7516346, -1.1607672], [116.7516493, -1.1607538], [116.7516627, -1.1607324], [116.7516644, -1.1607139], [116.7516599, -1.1607014], [116.751656, -1.1606905], [116.7516312, -1.1606673], [116.7516198, -1.1606533], [116.7516091, -1.1606385], [116.751599, -1.160611], [116.751591, -1.1605889], [116.7515776, -1.1605809], [116.7515527, -1.1605856], [116.7515132, -1.1606023], [116.7514911, -1.1606157], [116.7514877, -1.1606305], [116.7514917, -1.1606593], [116.7514991, -1.1607015], [116.7515011, -1.160719], [116.7514944, -1.1607337], [116.751477, -1.1607404], [116.7514656, -1.1607424], [116.7514481, -1.1607444], [116.7514367, -1.1607364], [116.751432, -1.1607237], [116.7514253, -1.1607042], [116.751416, -1.1606667], [116.7514086, -1.1606526], [116.7513925, -1.1606499], [116.751375, -1.1606559], [116.7513563, -1.1606566], [116.7513281, -1.1606499], [116.7513033, -1.1606365], [116.7512839, -1.1606177], [116.7512698, -1.1605976], [116.7512637, -1.1605715], [116.751271, -1.1605461], [116.7512912, -1.1605252], [116.7513006, -1.1604924], [116.7512993, -1.1604743], [116.7512892, -1.1604609], [116.7512731, -1.1604562], [116.751247, -1.1604508], [116.7512309, -1.1604381], [116.7512255, -1.160418], [116.7512222, -1.1603931], [116.7512128, -1.1603657], [116.7512067, -1.1603502], [116.7511974, -1.1603368], [116.7511826, -1.1603328], [116.7511518, -1.1603348], [116.7511189, -1.1603442], [116.751078, -1.1603616], [116.7510351, -1.1603757], [116.7509868, -1.1603844], [116.7509694, -1.1603864], [116.7509446, -1.1603844], [116.7509305, -1.1603757], [116.7509244, -1.1603549], [116.7509332, -1.1603274], [116.7509499, -1.1603093], [116.7509667, -1.1602959], [116.7509875, -1.1602852], [116.7509975, -1.1602745], [116.7509888, -1.160249], [116.750972, -1.1602128], [116.7508739, -1.1600329], [116.750868, -1.159985], [116.7508885, -1.1599421], [116.7509452, -1.1599235], [116.7510038, -1.159902], [116.750954, -1.1598116], [116.7509364, -1.1597877], [116.750932, -1.1597633], [116.7509364, -1.1597491], [116.7509818, -1.1597242], [116.7509599, -1.1596685], [116.7508367, -1.1597066], [116.7507712, -1.1597115], [116.7506946, -1.1597013], [116.7506657, -1.1596822], [116.7506187, -1.1596511], [116.7505797, -1.1596089], [116.750526, -1.1595444], [116.7504791, -1.1595288], [116.7504263, -1.1595131], [116.750415, -1.1594853], [116.7504023, -1.1594589], [116.7503994, -1.1594179], [116.7504053, -1.1593969], [116.7504439, -1.1593734], [116.7506755, -1.1593177], [116.7505797, -1.1589396], [116.7505318, -1.1588233], [116.7504605, -1.1587256], [116.7504077, -1.1586455], [116.7503618, -1.1585752], [116.7503139, -1.1584911], [116.7502435, -1.1583397], [116.7501771, -1.1582537], [116.7501204, -1.1581765], [116.7500569, -1.1581159], [116.7500041, -1.1580964], [116.7499455, -1.1581032], [116.7498536, -1.1581433], [116.7498331, -1.1581423], [116.7498057, -1.1581257], [116.7497231, -1.1579753], [116.7497212, -1.1579435], [116.7497359, -1.1579259], [116.7497525, -1.1579157], [116.7497012, -1.1578189], [116.7497549, -1.1577852], [116.7497725, -1.1577681], [116.7497315, -1.1576997], [116.7496513, -1.1577066], [116.7496005, -1.1577017], [116.7495634, -1.1576841], [116.7495292, -1.1576548], [116.7494862, -1.157605], [116.7494236, -1.1575092], [116.7493894, -1.1574476], [116.7493816, -1.1574135], [116.7493826, -1.1573744], [116.7494901, -1.1572561], [116.7494471, -1.1571682], [116.7493894, -1.157091], [116.7492888, -1.1571751], [116.7491578, -1.1570598], [116.7491285, -1.1570852], [116.7490992, -1.1571047], [116.7490708, -1.1571194], [116.7490073, -1.157134], [116.7489174, -1.1571194], [116.7489086, -1.156878], [116.7488607, -1.1568731], [116.7487464, -1.156879], [116.7486037, -1.1569679], [116.7485373, -1.1570392], [116.7484679, -1.1571047], [116.7483956, -1.157134], [116.7483096, -1.1571301], [116.7482167, -1.1571037], [116.7481776, -1.1570529], [116.7481327, -1.1570138], [116.7480095, -1.1568946], [116.7478991, -1.1567461], [116.7477457, -1.1565322], [116.7472229, -1.1561159], [116.7458938, -1.1550294], [116.7450104, -1.1544041], [116.7440383, -1.1538583], [116.7419388, -1.1526877], [116.7405661, -1.1517916], [116.739363, -1.1508632], [116.7384748, -1.150177], [116.7379903, -1.1499025], [116.7373201, -1.1493697], [116.7369244, -1.1489822], [116.7362704, -1.1483525], [116.7356648, -1.14786], [116.7351157, -1.147634], [116.7341386, -1.1474322], [116.7335451, -1.1472543], [116.7329597, -1.1469397], [116.7326009, -1.1465464], [116.7324833, -1.1462777], [116.7324026, -1.145874], [116.7322088, -1.1450829], [116.7315951, -1.1441545], [116.7309895, -1.1432826], [116.7302835, -1.142202], [116.7299075, -1.141458], [116.7293826, -1.1408526], [116.7286963, -1.1403682], [116.7279292, -1.139908], [116.7272105, -1.1394559], [116.7266049, -1.1389675], [116.72614, -1.1383556], [116.7256975, -1.1377297], [116.7258475, -1.1375587], [116.7257216, -1.1374384], [116.7256166, -1.1373397], [116.7255668, -1.1372918], [116.7251567, -1.1374982], [116.7248164, -1.1372883], [116.7245176, -1.1369976], [116.7242148, -1.1365617], [116.723916, -1.1360854], [116.7235527, -1.135605], [116.7231974, -1.1351529], [116.7228219, -1.1348421], [116.7224949, -1.1344506], [116.7221564, -1.1339317], [116.7220116, -1.1336743], [116.7219337, -1.1334535], [116.7218812, -1.1333042], [116.7216389, -1.1330499], [116.7213402, -1.1328884], [116.7207305, -1.1326462], [116.720351, -1.1324686], [116.7197474, -1.1322264], [116.7196263, -1.1322062], [116.7194648, -1.1322042], [116.7193538, -1.1322446], [116.7192731, -1.1323475], [116.7191923, -1.1326018], [116.7188693, -1.1330337], [116.7184656, -1.1333849], [116.718117, -1.1336421], [116.7177469, -1.1338854], [116.7173957, -1.1340711], [116.7170444, -1.1342729], [116.7165774, -1.13445], [116.7161, -1.1346397], [116.7158009, -1.1347735], [116.715381, -1.13483], [116.7150459, -1.1347937], [116.7146583, -1.1348138], [116.7141297, -1.1349985], [116.7137055, -1.1353023], [116.7133987, -1.1356212], [116.7131443, -1.1359078], [116.7129223, -1.1362024], [116.7126841, -1.1365899], [116.7124095, -1.1369532], [116.7120825, -1.1371349], [116.7115092, -1.1371954], [116.7111943, -1.1371752], [116.7107704, -1.136925], [116.710621, -1.1366263], [116.7105039, -1.1362872], [116.7104514, -1.1359683], [116.7105079, -1.1355606], [116.7106613, -1.1350803], [116.7107744, -1.1346766], [116.7107946, -1.1343052], [116.7108551, -1.1339258], [116.710948, -1.1336069], [116.7111458, -1.1331064], [116.7113598, -1.1324242], [116.7114383, -1.1319956], [116.7114365, -1.1317178], [116.7113881, -1.1314958], [116.7112871, -1.1313303], [116.7109448, -1.131116], [116.7106068, -1.1310087], [116.7097206, -1.1309064], [116.7093452, -1.1308701], [116.7089455, -1.130745], [116.7085522, -1.1306333], [116.70836, -1.1305875], [116.7077666, -1.1304301], [116.7073467, -1.1302848], [116.7067498, -1.1300379], [116.7066321, -1.1298892], [116.7065392, -1.1296389], [116.7065588, -1.129322], [116.7066765, -1.1287832], [116.7068581, -1.128541], [116.7072417, -1.1283674], [116.7075687, -1.1282827], [116.7077504, -1.1281252], [116.7077585, -1.1278548], [116.7076858, -1.1276893], [116.7073144, -1.1273462], [116.706947, -1.1271161], [116.7066563, -1.1268174], [116.7064504, -1.126446], [116.7061597, -1.1257477], [116.7060224, -1.1254248], [116.7058327, -1.1252189], [116.70555, -1.1250251], [116.7052997, -1.1247224], [116.7050454, -1.1242299], [116.704795, -1.1236688], [116.7046469, -1.1232801], [116.7045407, -1.1229867], [116.704359, -1.1226597], [116.7040885, -1.1224135], [116.7035838, -1.1222197], [116.7029863, -1.1220017], [116.7026149, -1.1216788], [116.7024816, -1.1211984], [116.7025705, -1.120823], [116.7027077, -1.1204194], [116.702845, -1.1200601], [116.7035758, -1.1190389], [116.7041006, -1.1185222], [116.7041916, -1.1184667], [116.704577, -1.1182315], [116.7049444, -1.1178602], [116.7050292, -1.1177572], [116.7051907, -1.117616], [116.7054087, -1.1175231], [116.7057681, -1.1174384], [116.7060587, -1.1174], [116.7064019, -1.1171417], [116.7068581, -1.1168752], [116.7071044, -1.1164716], [116.7071852, -1.1160437], [116.7072111, -1.1154281], [116.7068195, -1.1137761], [116.7066586, -1.1133846], [116.7064655, -1.1130199], [116.7063582, -1.1128805], [116.7060224, -1.1124592], [116.7057559, -1.1116842], [116.7056187, -1.1109172], [116.7054975, -1.1104409], [116.7052957, -1.1099807], [116.7049727, -1.109464], [116.7047113, -1.1090724], [116.7043631, -1.1083661], [116.7040118, -1.1079665], [116.7037655, -1.1076879], [116.7035526, -1.1075546], [116.7033335, -1.1073287], [116.7032689, -1.1071268], [116.7033012, -1.1067474], [116.7033376, -1.1062913], [116.7033295, -1.1061015], [116.7032528, -1.105936], [116.7031034, -1.1057826], [116.7028692, -1.1057625], [116.702631, -1.1057625], [116.7023403, -1.1057019], [116.7020375, -1.1055324], [116.7017589, -1.1052094], [116.7016742, -1.1048865], [116.7016096, -1.1046403], [116.701553, -1.1041276], [116.7014884, -1.1037361], [116.7014804, -1.1034333], [116.7015006, -1.1031306], [116.7016701, -1.1025776], [116.7018034, -1.1023596], [116.7020295, -1.1021941], [116.7022555, -1.1021012], [116.7026431, -1.1020447], [116.7030509, -1.1020891], [116.7035596, -1.1021093], [116.703923, -1.1021578], [116.7044398, -1.1021981], [116.7046941, -1.1022405], [116.7047527, -1.1023011], [116.7047668, -1.1024121], [116.7047446, -1.1024867], [116.7046356, -1.1025453], [116.7043787, -1.1026631], [116.7041856, -1.1027811], [116.7041127, -1.1029368], [116.7040724, -1.1030539], [116.7040764, -1.1031609], [116.7041148, -1.1032739], [116.704254, -1.1033304], [116.7045407, -1.1033728], [116.7048273, -1.1033566], [116.7050373, -1.1034051], [116.7052634, -1.1035585], [116.7054027, -1.1038431], [116.7055157, -1.1040651], [116.7055803, -1.1042164], [116.7055844, -1.1042851], [116.705548, -1.1043819], [116.705441, -1.104497], [116.7054067, -1.1046221], [116.7054269, -1.104719], [116.7054834, -1.104834], [116.7055622, -1.1048825], [116.7056994, -1.1049067], [116.7058968, -1.1048568], [116.7060628, -1.1048482], [116.7062586, -1.104945], [116.7064161, -1.1051428], [116.7064524, -1.1052478], [116.7065029, -1.1053669], [116.7065069, -1.1055243], [116.7064726, -1.1056454], [116.70641, -1.105817], [116.7064161, -1.1059199], [116.7064645, -1.1060026], [116.7065352, -1.1060531], [116.7067491, -1.1060894], [116.7070196, -1.1060733], [116.7073588, -1.1060168], [116.7080694, -1.1058392], [116.7085256, -1.1057625], [116.7088042, -1.1056898], [116.7090262, -1.1056494], [116.7093331, -1.1056171], [116.7096803, -1.1055485], [116.7102616, -1.1054516], [116.7106896, -1.1053427], [116.7110933, -1.1052216], [116.7115677, -1.1050863], [116.7118806, -1.1050217], [116.7122501, -1.1050036], [116.7124418, -1.1050722], [116.7126286, -1.1051862], [116.7126891, -1.1051943], [116.7127376, -1.1051883], [116.7127689, -1.1051539], [116.712782, -1.1051005], [116.7127789, -1.1049814], [116.7127224, -1.1048199], [116.712676, -1.1047351], [116.712571, -1.1046322], [116.7124741, -1.1045151], [116.7124358, -1.1044203], [116.7123328, -1.1041357], [116.7122198, -1.1039621], [116.7118726, -1.103619], [116.7116529, -1.1033497], [116.7112468, -1.1029489], [116.7108321, -1.10269], [116.7106654, -1.1026099], [116.7104635, -1.1023757], [116.7102899, -1.1020488], [116.7099629, -1.1016451], [116.7096722, -1.1014029], [116.7094178, -1.1012172], [116.7093193, -1.101097], [116.7092039, -1.1008499], [116.7090464, -1.1004906], [116.7088365, -1.1001879], [116.7086386, -1.0999255], [116.708461, -1.0996704], [116.7083802, -1.0995541], [116.7083055, -1.0993968], [116.7082551, -1.0990173], [116.7082248, -1.0986358], [116.7080976, -1.098327], [116.7080007, -1.0981494], [116.7079523, -1.0978386], [116.7079675, -1.097407], [116.7080371, -1.0969868], [116.7080088, -1.0964056], [116.70793, -1.0958462], [116.7078756, -1.0955135], [116.7077706, -1.0949806], [116.7076616, -1.0944559], [116.7074113, -1.0940401], [116.7072054, -1.0938665], [116.7069833, -1.0937898], [116.7066078, -1.0937696], [116.7062929, -1.0938544], [116.7060184, -1.0939674], [116.7058266, -1.0940341], [116.7055985, -1.0940583], [116.7054148, -1.0940078], [116.7051847, -1.0938423], [116.7048615, -1.0935453], [116.7044967, -1.0933147], [116.7040998, -1.0930626], [116.7037736, -1.0928089], [116.7034466, -1.0923891], [116.7032326, -1.0920541], [116.702882, -1.0916091], [116.7026552, -1.0914183], [116.7025725, -1.0913154], [116.7025139, -1.0911963], [116.7025523, -1.0910853], [116.7026351, -1.0909743], [116.7027743, -1.0908855], [116.7029863, -1.0908673], [116.7032175, -1.0908613], [116.7032185, -1.0908128], [116.7032215, -1.0907038], [116.703277, -1.090617], [116.7033618, -1.0906039], [116.7033713, -1.09048], [116.7033774, -1.0904136], [116.7033777, -1.090391], [116.703378, -1.0903694], [116.7032199, -1.0903527], [116.7032106, -1.0903273], [116.703212, -1.0903045], [116.7032535, -1.0901878], [116.7032495, -1.090169], [116.7032401, -1.0901556], [116.7032039, -1.0901395], [116.7029089, -1.0900644], [116.7028713, -1.0900497], [116.7028472, -1.0900108], [116.7028418, -1.0899599], [116.7028794, -1.0898781], [116.7029169, -1.0897453], [116.7029584, -1.0895802], [116.7029974, -1.0893095], [116.7030041, -1.0891661], [116.7030028, -1.0891413], [116.7029947, -1.0891084], [116.7029813, -1.0890816], [116.7029565, -1.0890514], [116.7029211, -1.0890097], [116.7029166, -1.0890017], [116.7029121, -1.0889917], [116.7028747, -1.0889328], [116.7028418, -1.0888805], [116.702811, -1.0888201], [116.7027841, -1.088737], [116.7027922, -1.0886673], [116.7028069, -1.0886217], [116.7028512, -1.0885774], [116.7029116, -1.088556], [116.7029867, -1.0885466], [116.7031221, -1.0885734], [116.703271, -1.0886096], [116.7034142, -1.0886234], [116.7035472, -1.0886069], [116.7036706, -1.0885707], [116.7037714, -1.0885302], [116.7038476, -1.0885211], [116.7039048, -1.0885241], [116.7039536, -1.0885426], [116.7040124, -1.088583], [116.7040775, -1.0886208], [116.7041915, -1.0886732], [116.7042514, -1.0886748], [116.704303, -1.0886572], [116.7044008, -1.0885606], [116.7044737, -1.0884719], [116.7045249, -1.0883964], [116.7045531, -1.0882985], [116.7045571, -1.0881336], [116.7045504, -1.0879888], [116.7045383, -1.0878198], [116.7045061, -1.087671], [116.7044726, -1.0875342], [116.7042985, -1.0871516], [116.7041652, -1.0869962], [116.7040663, -1.0869114], [116.7039734, -1.0868468], [116.7038665, -1.0867964], [116.7037433, -1.0867459], [116.7036424, -1.0866833], [116.7035435, -1.0866329], [116.7034587, -1.0865925], [116.7032831, -1.0865118], [116.7031357, -1.0864472], [116.7029571, -1.0863946], [116.7028612, -1.0863543], [116.702734, -1.086316], [116.7026149, -1.0862777], [116.7025099, -1.0862595], [116.7023948, -1.0862252], [116.7020698, -1.0861767], [116.7017145, -1.0860879], [116.7014561, -1.0859668], [116.7011655, -1.0857004], [116.7008869, -1.0853089], [116.7007282, -1.0850121], [116.7007213, -1.0848931], [116.7007335, -1.0847962], [116.7008425, -1.0846489], [116.7010019, -1.0845964], [116.7011957, -1.0845823], [116.7014238, -1.0846368], [116.7016701, -1.0846993], [116.7020739, -1.084889], [116.7022192, -1.0849496], [116.7024372, -1.0850465], [116.7028208, -1.0851716], [116.7032043, -1.0853654], [116.7036081, -1.0855955], [116.703822, -1.0857448], [116.7040603, -1.085983], [116.7042016, -1.0861202], [116.7042904, -1.0862433], [116.7043631, -1.086421], [116.7044559, -1.0865118], [116.7046501, -1.0866439], [116.7046682, -1.0866554], [116.7046859, -1.0866666], [116.7047578, -1.086662], [116.7047778, -1.0866601], [116.7048132, -1.0866553], [116.7049634, -1.0865648], [116.7051221, -1.0864573], [116.7052593, -1.0863725], [116.7054107, -1.0863099], [116.7055803, -1.0862787], [116.7057358, -1.0863039], [116.7058316, -1.0863311], [116.7058559, -1.0863665], [116.705872, -1.0864159], [116.7058771, -1.0865027], [116.7058427, -1.0865572], [116.7057882, -1.0865844], [116.7056934, -1.0865986], [116.7056005, -1.0866389], [116.7053825, -1.0867721], [116.705219, -1.0869255], [116.7050938, -1.0871475], [116.7050595, -1.0872989], [116.7050252, -1.0874442], [116.7050555, -1.0875411], [116.7050979, -1.0876158], [116.7051584, -1.0876824], [116.7052763, -1.0877922], [116.7053986, -1.0878277], [116.7054834, -1.087854], [116.7055682, -1.0879448], [116.7056045, -1.088082], [116.7056126, -1.0882051], [116.7055319, -1.0883283], [116.70533, -1.0884877], [116.7051483, -1.0886391], [116.705001, -1.088849], [116.7049444, -1.0891921], [116.7049485, -1.0896079], [116.7050252, -1.0900398], [116.7051907, -1.0903869], [116.7053401, -1.0905525], [116.7055374, -1.0906169], [116.7058932, -1.0906857], [116.7061233, -1.090726], [116.7063979, -1.0907502], [116.706733, -1.0907785], [116.7071367, -1.0908269], [116.7075405, -1.0909198], [116.7079684, -1.0911297], [116.708461, -1.0914849], [116.7088405, -1.091715], [116.7091075, -1.0919229], [116.7095793, -1.0922075], [116.7097772, -1.0923649], [116.7099336, -1.0925209], [116.7101052, -1.0927167], [116.7103585, -1.0929341], [116.7105564, -1.0930431], [116.710843, -1.0931843], [116.7112508, -1.0932449], [116.7115375, -1.0932772], [116.7118927, -1.0933216], [116.7122108, -1.0934059], [116.7124173, -1.0935024], [116.7126828, -1.0936472], [116.7131201, -1.0940139], [116.713324, -1.0941229], [116.713433, -1.0941794], [116.7135037, -1.0941915], [116.713649, -1.0941774], [116.7138569, -1.0941895], [116.7140043, -1.0942339], [116.714083, -1.0943207], [116.7141153, -1.0945003], [116.7140891, -1.0946537], [116.7140124, -1.0948232], [116.7139247, -1.0949237], [116.7138933, -1.095021], [116.7139316, -1.0951461], [116.7140406, -1.0953601], [116.7142344, -1.0955458], [116.7145493, -1.095796], [116.7149369, -1.0960019], [116.7152115, -1.0960907], [116.7153891, -1.0961513], [116.7156435, -1.0961795], [116.7158615, -1.096119], [116.7160936, -1.0959898], [116.7163036, -1.0959494], [116.7164368, -1.0959595], [116.7166609, -1.096119], [116.7167678, -1.0962485], [116.7169422, -1.0964282], [116.7172544, -1.0966841], [116.7175249, -1.0968496], [116.7178337, -1.0968879], [116.7181507, -1.0968758], [116.7183323, -1.0968991], [116.7184121, -1.0969626], [116.7184726, -1.0969778], [116.7185241, -1.0969657], [116.7185635, -1.0969061], [116.7185716, -1.0968224], [116.7186109, -1.0967265], [116.7186836, -1.0966599], [116.7187875, -1.0966078], [116.7190429, -1.0965872], [116.719158, -1.0966235], [116.719269, -1.0967245], [116.7193558, -1.0968415], [116.7194144, -1.0969041], [116.7194769, -1.0969283], [116.7196243, -1.0969505], [116.7197636, -1.0969404], [116.7199614, -1.0969001], [116.7203906, -1.0968621], [116.7203369, -1.0963006], [116.7198968, -1.0963349], [116.7198565, -1.0960332], [116.7198464, -1.0959969], [116.7198332, -1.0959696], [116.7197919, -1.0959605], [116.7197323, -1.0959706], [116.7193821, -1.0960584], [116.7191963, -1.0961513], [116.7190268, -1.0962199], [116.7188572, -1.0962401], [116.7185423, -1.0961876], [116.7183727, -1.096123], [116.7179811, -1.0959292], [116.7177389, -1.0956709], [116.7175733, -1.095461], [116.7173795, -1.0951583], [116.717319, -1.0948394], [116.7173149, -1.0945487], [116.7173795, -1.0942944], [116.7175592, -1.0941087], [116.7176682, -1.0939917], [116.7178458, -1.0938968], [116.7179448, -1.0938383], [116.7180316, -1.0937515], [116.7181628, -1.0935799], [116.7183021, -1.0934548], [116.7184333, -1.093368], [116.7186129, -1.0932832], [116.7206559, -1.0932893], [116.7206559, -1.0930935], [116.7187169, -1.0930834], [116.7187169, -1.0930087], [116.7186967, -1.0929512], [116.7185746, -1.0928755], [116.7183879, -1.092817], [116.7182688, -1.0927756], [116.7181466, -1.0927121], [116.7180952, -1.0926656], [116.7180538, -1.092599], [116.7180538, -1.0925304], [116.718084, -1.0923972], [116.7181325, -1.092262], [116.7181991, -1.0921348], [116.7182052, -1.0919814], [116.718183, -1.0917211], [116.7181184, -1.0915939], [116.7179569, -1.09138], [116.7178075, -1.0911983], [116.7177267, -1.0909723], [116.71765, -1.0906816], [116.7175854, -1.0903264], [116.7175471, -1.0898783], [116.7175491, -1.0896785], [116.7175814, -1.0895574], [116.7176843, -1.0894747], [116.7177712, -1.0894626], [116.7178438, -1.0894686], [116.7179811, -1.089511], [116.7183047, -1.0896675], [116.7186427, -1.089748], [116.7189339, -1.0897976], [116.7189925, -1.0898077], [116.7190328, -1.0898047], [116.7190712, -1.0897461], [116.7190591, -1.0896997], [116.7190268, -1.0896704], [116.7188007, -1.0896079], [116.71851, -1.0894383], [116.7182799, -1.0891961], [116.7180848, -1.0888416], [116.7179993, -1.0883767], [116.7179326, -1.0882697], [116.717866, -1.0882294], [116.7177772, -1.088185], [116.7176717, -1.0881819], [116.7174219, -1.0882455], [116.7172766, -1.0882273], [116.7171736, -1.0881607], [116.7170929, -1.0878802], [116.717105, -1.0876138], [116.7172533, -1.0872325], [116.7174143, -1.0868571], [116.7178112, -1.08631], [116.7180043, -1.0860633], [116.7182833, -1.0858649], [116.718938, -1.0854945], [116.7191681, -1.085321], [116.7193659, -1.0851151], [116.7195637, -1.0846468], [116.7198423, -1.08411], [116.720452, -1.0829515], [116.7207628, -1.0823823], [116.7210253, -1.0821603], [116.7213321, -1.0820553], [116.7219296, -1.0819988], [116.7222244, -1.0819706], [116.7223415, -1.0819302], [116.7224242, -1.0818515], [116.7224949, -1.0817203], [116.7225433, -1.0815306], [116.7226543, -1.0812944], [116.7228323, -1.0810646], [116.7233419, -1.0805389], [116.7236859, -1.0802792], [116.7239402, -1.0800653], [116.7242592, -1.0797908], [116.7245701, -1.0794073], [116.7248123, -1.0790561], [116.7250061, -1.0787049], [116.7251999, -1.0782932], [116.7255067, -1.0777522], [116.7259276, -1.0768811], [116.7262335, -1.0759035], [116.7262254, -1.0750638], [116.7261204, -1.0744664], [116.7258525, -1.0737488], [116.7254825, -1.0730616], [116.7250223, -1.0724077], [116.7241305, -1.0713245], [116.7235042, -1.0705831], [116.7231166, -1.0701956], [116.7226483, -1.0697677], [116.7223011, -1.0694529], [116.7214855, -1.06892], [116.720944, -1.0686535], [116.7205892, -1.0685002], [116.7200563, -1.0684276], [116.7200946, -1.068109], [116.7202419, -1.0675419], [116.7205085, -1.0667685], [116.7209243, -1.0668856], [116.72132, -1.0668815], [116.7218045, -1.066825], [116.7224461, -1.0667334], [116.7227775, -1.0667201], [116.7234921, -1.0667483], [116.723908, -1.0667806], [116.7240074, -1.0667802], [116.7248503, -1.0668039], [116.7255996, -1.066825], [116.7259488, -1.0669582], [116.7261952, -1.0671801], [116.7264932, -1.0672381], [116.7267846, -1.067195], [116.7271238, -1.067011], [116.7275676, -1.066661], [116.7278563, -1.0663003], [116.7280583, -1.0657772], [116.7282496, -1.0653226], [116.7284697, -1.0647418], [116.7286321, -1.0640202], [116.7287692, -1.0635224], [116.7289748, -1.0629018], [116.7291553, -1.0620793], [116.7293754, -1.0609573], [116.7294764, -1.0600301], [116.7297254, -1.0591029], [116.7299202, -1.0584319], [116.7301151, -1.057815], [116.730263, -1.0574073], [116.7303244, -1.0571187], [116.7302955, -1.0568301], [116.7302558, -1.0565956], [116.7301439, -1.055921], [116.7301079, -1.0556071], [116.7300321, -1.0551164], [116.7298914, -1.0548278], [116.7297362, -1.0545969], [116.7294728, -1.0541351], [116.7293718, -1.053695], [116.7293573, -1.0533415], [116.7294042, -1.052941], [116.7295017, -1.0526019], [116.7299527, -1.0514041], [116.7301981, -1.0509676], [116.730423, -1.0506053], [116.7307429, -1.0502316], [116.7310388, -1.0498131], [116.7313744, -1.049207], [116.7318146, -1.0483484], [116.7321502, -1.0473491], [116.7321898, -1.0468187], [116.7322115, -1.0464075], [116.7322512, -1.0457761], [116.732345, -1.0452855], [116.7324569, -1.0450149], [116.7327167, -1.0446217], [116.7329837, -1.044113], [116.7330198, -1.0438821], [116.733045, -1.0435646], [116.7330161, -1.0432724], [116.7328393, -1.042991], [116.7325904, -1.0427817], [116.7322837, -1.0425148], [116.7319228, -1.0421035], [116.7308512, -1.0407831], [116.7300862, -1.0398487], [116.7293212, -1.0388818], [116.7288016, -1.0383911], [116.7285563, -1.038117], [116.7284119, -1.0376912], [116.7285779, -1.0374098], [116.729184, -1.0370813], [116.7294944, -1.0369048], [116.7301862, -1.0368301], [116.7304975, -1.0367965], [116.7315945, -1.0365223], [116.7328213, -1.0361616], [116.7329334, -1.0361449], [116.7331554, -1.0361236], [116.7333914, -1.0361219], [116.7335313, -1.0361832], [116.7335538, -1.0363528], [116.7335899, -1.0370274], [116.7335971, -1.0374098], [116.7337306, -1.0376516], [116.7339327, -1.0378464], [116.7342285, -1.0380087], [116.734712, -1.0380881], [116.7355708, -1.0381386], [116.7365667, -1.0378716], [116.7373822, -1.0376335], [116.7379451, -1.0373449], [116.7381327, -1.0371429], [116.7382915, -1.0366883], [116.7380966, -1.0355843], [116.7376997, -1.0343721], [116.7373752, -1.033324], [116.7370647, -1.0325394], [116.7365162, -1.0314066], [116.7359822, -1.0301295], [116.7349935, -1.027936], [116.7346254, -1.0266949], [116.7344811, -1.0254106], [116.7346976, -1.024285], [116.7350793, -1.0229831], [116.7357657, -1.0218606], [116.7367637, -1.0208591], [116.7377719, -1.0199845], [116.738443, -1.0195588], [116.7389771, -1.0192414], [116.7394534, -1.018895], [116.7395668, -1.0187972], [116.7396109, -1.0187591], [116.7398214, -1.0185775], [116.7400283, -1.0184478], [116.7400483, -1.0184353], [116.7407884, -1.0179714], [116.7415678, -1.0176034], [116.7421957, -1.0173509], [116.742804, -1.0171797], [116.7433431, -1.0170442], [116.7436859, -1.0169144], [116.743831, -1.01681], [116.7440972, -1.0166185], [116.7443194, -1.0163664], [116.7443662, -1.0162039], [116.7444496, -1.0161633], [116.7445266, -1.0161315], [116.7450246, -1.0156084], [116.7456163, -1.0149626], [116.7461622, -1.0143048], [116.7464823, -1.0136782], [116.7468576, -1.0127763], [116.7469586, -1.0120115], [116.7470741, -1.0111961], [116.7469731, -1.0101426], [116.7484236, -1.0094788], [116.7501199, -1.0087191], [116.7506463, -1.0081295], [116.7512597, -1.0073863], [116.7517649, -1.0067369], [116.7522051, -1.0059432], [116.7525659, -1.0051784], [116.7527536, -1.0046589], [116.7530927, -1.0038796], [116.7535402, -1.0032013], [116.7539728, -1.0027195], [116.7544783, -1.0023066], [116.7552433, -1.0017438], [116.7556907, -1.001383], [116.7561021, -1.0009212], [116.7563619, -1.0005821], [116.7565567, -1.0000698], [116.7565278, -0.9993266], [116.7567083, -0.9988287], [116.7572062, -0.9982443], [116.758, -0.9978691], [116.7590897, -0.9973496], [116.7603021, -0.9966208], [116.7608722, -0.9961085], [116.7614186, -0.9955215], [116.7617941, -0.9949637], [116.7619259, -0.9945499], [116.7619114, -0.9939078], [116.7619836, -0.9932295], [116.7622795, -0.9924574], [116.7625537, -0.9920317], [116.7630228, -0.9916132], [116.7635207, -0.9912019], [116.7638996, -0.9906969], [116.7641702, -0.9902242], [116.7644733, -0.9897372], [116.7647981, -0.9894558], [116.7655053, -0.9889074], [116.7661259, -0.9884384], [116.7669342, -0.9877746], [116.7673961, -0.9874138], [116.768327, -0.9868798], [116.7694383, -0.986418], [116.7703909, -0.9861294], [116.7712281, -0.9857253], [116.7716755, -0.9854439], [116.7722456, -0.985011], [116.7729312, -0.9844915], [116.7733281, -0.9840586], [116.7737395, -0.983604], [116.7741724, -0.9831422], [116.7745044, -0.9825216], [116.7747426, -0.9820093], [116.7750168, -0.981295], [116.775291, -0.9805807], [116.7756086, -0.9799962], [116.7759622, -0.9796282], [116.7764746, -0.9791087], [116.776774, -0.9788129], [116.7768189, -0.9787744], [116.7769508, -0.9786613], [116.7771096, -0.9785134], [116.7775029, -0.9782897], [116.7780947, -0.9781707], [116.7784627, -0.9780697], [116.7785746, -0.977947], [116.7786684, -0.9777846], [116.7786504, -0.9775213], [116.7786648, -0.9772327], [116.7787586, -0.9770306], [116.7789174, -0.9769224], [116.7790473, -0.9768611], [116.779271, -0.9768935], [116.7793862, -0.9769491], [116.7795849, -0.977045], [116.7800071, -0.9775537], [116.7803499, -0.9780372], [116.780689, -0.9785675], [116.7810282, -0.9789427], [116.7812952, -0.9790293], [116.7822514, -0.9791772], [116.782919, -0.9793179], [116.7831481, -0.9794605], [116.7832626, -0.9795988], [116.783445, -0.9798153], [116.7834958, -0.9800636], [116.7833653, -0.9803056], [116.7834154, -0.9805356], [116.7834529, -0.9805892], [116.7835629, -0.9806589], [116.7836058, -0.9807072], [116.78363, -0.9807689], [116.7836326, -0.9808359], [116.7836058, -0.98097], [116.7835613, -0.9809992], [116.7835468, -0.981176], [116.7834458, -0.9813599], [116.782726, -0.9820803], [116.7824149, -0.9823377], [116.7819953, -0.9826587], [116.781638, -0.982886], [116.7813206, -0.9830404], [116.7809182, -0.983212], [116.7804256, -0.9834128], [116.7801298, -0.9835787], [116.7799205, -0.9837001], [116.7794839, -0.9839864], [116.7792926, -0.9841451], [116.7791375, -0.9843219], [116.7790581, -0.9845131], [116.7790729, -0.9848211], [116.7791086, -0.9851481], [116.7787994, -0.9856467], [116.7783797, -0.9860356], [116.7780288, -0.9863538], [116.777992, -0.9863558], [116.7778639, -0.9864718], [116.7776151, -0.9867668], [116.7772684, -0.9871107], [116.7768426, -0.9875076], [116.7763735, -0.9878972], [116.7759477, -0.988157], [116.7754642, -0.9883807], [116.7750388, -0.9886025], [116.7745405, -0.9889651], [116.7742591, -0.9893908], [116.7741544, -0.9896145], [116.7739271, -0.9900222], [116.7737322, -0.9902603], [116.773559, -0.9904118], [116.7733173, -0.9905273], [116.7731184, -0.9906138], [116.772877, -0.9907694], [116.7727508, -0.9909314], [116.7726714, -0.9910973], [116.772574, -0.9915014], [116.7724296, -0.9920029], [116.7722384, -0.9922734], [116.7719597, -0.9926413], [116.7716106, -0.9931213], [116.771358, -0.9933594], [116.7713011, -0.9934065], [116.7709286, -0.9935001], [116.770777, -0.9935073], [116.7701672, -0.9932295], [116.7699652, -0.9931862], [116.7696476, -0.9932295], [116.7693662, -0.9933125], [116.7690667, -0.9935217], [116.7688376, -0.9937783], [116.768623, -0.9940733], [116.7684425, -0.9943912], [116.7682188, -0.9946437], [116.767995, -0.994853], [116.7677316, -0.9951524], [116.7676017, -0.9952823], [116.7675284, -0.9953224], [116.7672986, -0.9954483], [116.7670172, -0.995506], [116.7668259, -0.9955322], [116.7664651, -0.9956828], [116.7661512, -0.9958632], [116.7658084, -0.9961121], [116.7653357, -0.9965523], [116.7650362, -0.9970429], [116.7649099, -0.9971728], [116.764762, -0.9972918], [116.76443, -0.9974794], [116.7641811, -0.9977356], [116.7639213, -0.9980531], [116.7635568, -0.9985978], [116.7634522, -0.998771], [116.7632862, -0.9989406], [116.7630156, -0.9992003], [116.7626115, -0.9995864], [116.762229, -1.0001492], [116.7618104, -1.0006723], [116.7614857, -1.001015], [116.7609949, -1.0014552], [116.7606774, -1.0017835], [116.7603707, -1.0020793], [116.7601398, -1.0023174], [116.7599233, -1.0025592], [116.7598347, -1.0026444], [116.7596815, -1.0028045], [116.7594713, -1.0029984], [116.7590499, -1.0033788], [116.7588949, -1.0035188], [116.7586712, -1.0037245], [116.7584872, -1.0039337], [116.7581732, -1.0043414], [116.7579712, -1.004731], [116.7577114, -1.0052145], [116.7573722, -1.0057484], [116.7571217, -1.0061522], [116.7566794, -1.006939], [116.756258, -1.0076003], [116.7560443, -1.0081367], [116.7558062, -1.0085336], [116.7555553, -1.0089573], [116.755358, -1.0092547], [116.7552685, -1.0093975], [116.7551522, -1.0095843], [116.7548633, -1.0101051], [116.7541069, -1.0114138], [116.7533076, -1.0130283], [116.7527103, -1.0144719], [116.7524064, -1.0155706], [116.7519504, -1.0170027], [116.7516071, -1.0185152], [116.7515123, -1.0189816], [116.7514555, -1.0192491], [116.7514005, -1.0195083], [116.7513304, -1.0197245], [116.751253, -1.0199634], [116.7510974, -1.0204788], [116.7511262, -1.0207819], [116.75122, -1.0210236], [116.7513175, -1.0212004], [116.7515412, -1.0215828], [116.751718, -1.0219941], [116.7518767, -1.0225208], [116.7520175, -1.0228383], [116.7522737, -1.0233902], [116.752436, -1.0238015], [116.752786, -1.0243968], [116.7530823, -1.0247906], [116.7532861, -1.0250856], [116.7536123, -1.0257244], [116.7540814, -1.026731], [116.7545433, -1.0275103], [116.7550448, -1.0282859], [116.7553046, -1.0286106], [116.7554308, -1.0287718], [116.7558892, -1.0293574], [116.7560804, -1.0298769], [116.7560863, -1.0302239], [116.7559866, -1.0306634], [116.7558964, -1.0309665], [116.7558206, -1.0312695], [116.7556438, -1.0316303], [116.7554959, -1.0318864], [116.7552794, -1.0322797], [116.7549727, -1.0328425], [116.7546696, -1.0332682], [116.7543845, -1.0336362], [116.7542113, -1.0338851], [116.7540634, -1.0341232], [116.7538469, -1.0344587], [116.7536845, -1.0346572], [116.7534933, -1.0347834], [116.7533056, -1.0349241], [116.753035, -1.0350504], [116.7527427, -1.0351695], [116.7524396, -1.0352488], [116.7522809, -1.035247], [116.7521293, -1.03522], [116.7519994, -1.0351785], [116.7519182, -1.0350883], [116.7519074, -1.0349927], [116.7518948, -1.034843], [116.7518515, -1.0347203], [116.7517631, -1.0346608], [116.7515484, -1.0346427], [116.7513896, -1.0347257], [116.7511894, -1.0349945], [116.7510667, -1.0352164], [116.751009, -1.0353047], [116.750944, -1.0353246], [116.7508745, -1.0353201], [116.7508213, -1.0352524], [116.7507609, -1.035109], [116.750723, -1.0350883], [116.750668, -1.0350928], [116.7506156, -1.0351514], [116.7505886, -1.035256], [116.7505878, -1.0354319], [116.7505878, -1.0356142], [116.7505717, -1.0360487], [116.7505308, -1.0365223], [116.7503196, -1.0370517], [116.7500906, -1.0374604], [116.7498958, -1.0377706], [116.7496383, -1.0380868], [116.7495223, -1.0381909], [116.7493924, -1.0382486], [116.7492427, -1.0382252], [116.7490713, -1.0381494], [116.7489396, -1.0380322], [116.7487447, -1.0378861], [116.7485174, -1.0378067], [116.748206, -1.0378294], [116.7478466, -1.0378669], [116.7475408, -1.0380439], [116.7471318, -1.0383406], [116.7465581, -1.0388349], [116.7462694, -1.0391632], [116.7460674, -1.0394302], [116.7459483, -1.0395889], [116.7457607, -1.0397873], [116.745674, -1.0399158], [116.7456148, -1.0400017], [116.7454252, -1.040277], [116.7452555, -1.0405233], [116.7446926, -1.0413928], [116.7443758, -1.0418788], [116.744155, -1.0422478], [116.743952, -1.0426029], [116.7437375, -1.0429945], [116.7435055, -1.0434311], [116.7432493, -1.0440661], [116.7430617, -1.0445387], [116.7429173, -1.0449355], [116.7424393, -1.0458103], [116.7420852, -1.0461858], [116.7418331, -1.0465129], [116.7416561, -1.0468187], [116.7414254, -1.0474247], [116.7412591, -1.0478753], [116.7410928, -1.0484867], [116.7408031, -1.049066], [116.7404709, -1.049741], [116.7401895, -1.0503254], [116.7399297, -1.0508233], [116.7395977, -1.0514438], [116.739108, -1.0525308], [116.7388039, -1.0533631], [116.7382872, -1.0547138], [116.7379278, -1.0559098], [116.7376512, -1.0574594], [116.7375952, -1.0580499], [116.7375576, -1.0585808], [116.7375094, -1.0590367], [116.7374933, -1.0594283], [116.7375952, -1.0603079], [116.7376167, -1.0607906], [116.7376276, -1.0614082], [116.7376636, -1.0618772], [116.7377647, -1.0623535], [116.7379922, -1.0630969], [116.7380894, -1.0640346], [116.7380894, -1.0647417], [116.7380822, -1.0652396], [116.7379618, -1.0657238], [116.7379093, -1.0659955], [116.7377078, -1.0665778], [116.7375843, -1.0668991], [116.7374941, -1.0672455], [116.7374904, -1.0675305], [116.7375281, -1.0677605], [116.7375778, -1.0679361], [116.7376247, -1.0680327], [116.737677, -1.068093], [116.7377239, -1.0681198], [116.7377923, -1.0681238], [116.73785, -1.0681078], [116.7379251, -1.0680608], [116.7380083, -1.0679777], [116.738137, -1.0678624], [116.7382309, -1.0678221], [116.7383328, -1.0678221], [116.7384213, -1.0678516], [116.7385527, -1.0679321], [116.7388397, -1.0682083], [116.7389631, -1.0684121], [116.7390758, -1.0687447], [116.7392957, -1.0691576], [116.7394888, -1.0695116], [116.7397946, -1.0701392], [116.740036, -1.0706648], [116.7401594, -1.0709544], [116.7402506, -1.071303], [116.7403096, -1.0716999], [116.740331, -1.0721505], [116.7403418, -1.0728585], [116.7403364, -1.0733143], [116.7403364, -1.073604], [116.740331, -1.0738346], [116.740315, -1.0740698], [116.7404749, -1.0739746], [116.740846, -1.0734241], [116.741229, -1.0733475], [116.741229, -1.073236], [116.741781, -1.071669], [116.742917, -1.071389], [116.744023, -1.071724], [116.745123, -1.071528], [116.746656, -1.071], [116.747187, -1.071308], [116.747636, -1.071878], [116.747886, -1.072006], [116.749667, -1.07233], [116.750593, -1.072177], [116.751492, -1.072448], [116.752433, -1.072951], [116.753564, -1.073227], [116.754233, -1.072982], [116.754695, -1.072645], [116.75542, -1.072204], [116.755914, -1.072249], [116.756624, -1.07272], [116.758333, -1.072953], [116.759159, -1.073127], [116.759707, -1.073335], [116.760282, -1.073127], [116.760626, -1.072892], [116.761114, -1.071789], [116.761298, -1.071246], [116.761775, -1.071146], [116.76249, -1.071238], [116.763376, -1.071483], [116.764552, -1.071635], [116.765027, -1.071392], [116.765235, -1.070884], [116.765271, -1.070269], [116.764993, -1.069464], [116.765002, -1.069056], [116.765406, -1.068179], [116.766143, -1.066867], [116.76697, -1.066162], [116.76742, -1.065519], [116.768292, -1.065157], [116.768507, -1.064958], [116.76875, -1.064452], [116.769028, -1.062753], [116.769325, -1.062018], [116.770005, -1.061619], [116.771096, -1.06077], [116.771348, -1.06039], [116.771716, -1.059169], [116.771869, -1.057848], [116.771824, -1.056608], [116.771932, -1.056246], [116.772337, -1.055586], [116.773915, -1.054481], [116.774836, -1.053342], [116.774989, -1.052573], [116.774617, -1.051571], [116.774441, -1.049714], [116.774557, -1.048819], [116.774962, -1.04843], [116.775777, -1.048078], [116.776571, -1.047986], [116.777533, -1.047561], [116.778, -1.046991], [116.778252, -1.046608], [116.779555, -1.045481], [116.780822, -1.045119], [116.781721, -1.044648], [116.782162, -1.044078], [116.782381, -1.043442], [116.78271, -1.042966], [116.782908, -1.04283], [116.783816, -1.042631], [116.784211, -1.042757], [116.784642, -1.043099], [116.78467, -1.043373], [116.784409, -1.044748], [116.784445, -1.044902], [116.784813, -1.045354], [116.785487, -1.045544], [116.786629, -1.04596], [116.787096, -1.046422], [116.787968, -1.047444], [116.789046, -1.048232], [116.790062, -1.04872], [116.790637, -1.048793], [116.791464, -1.048205], [116.7923, -1.048114], [116.792489, -1.048159], [116.792777, -1.048295], [116.793001, -1.04834], [116.793702, -1.048811], [116.794455, -1.049125], [116.795877, -1.049318], [116.796668, -1.049625], [116.797154, -1.05006], [116.797576, -1.050159], [116.797711, -1.050096], [116.798097, -1.049743], [116.798322, -1.049644], [116.799005, -1.04968], [116.799867, -1.050291], [116.800273, -1.050503], [116.800587, -1.050594], [116.801117, -1.050322], [116.801369, -1.04949], [116.801612, -1.049219], [116.802286, -1.048775], [116.802888, -1.048748], [116.803158, -1.048576], [116.803259, -1.048446], [116.803517, -1.047762], [116.803778, -1.046586], [116.803967, -1.046242], [116.804183, -1.046161], [116.804794, -1.046197], [116.805082, -1.045781], [116.804939, -1.045046], [116.804983, -1.043537], [116.8051, -1.043248], [116.805504, -1.042877], [116.806105, -1.042743], [116.807474, -1.042565], [116.808336, -1.04197], [116.808641, -1.041864], [116.809288, -1.042253], [116.809774, -1.042262], [116.810304, -1.041972], [116.811427, -1.041665], [116.812407, -1.041267], [116.813126, -1.040259], [116.813319, -1.039308], [116.813274, -1.039129], [116.81292, -1.03886], [116.812701, -1.038568], [116.812575, -1.038177], [116.812575, -1.037954], [116.812456, -1.037389], [116.812486, -1.036884], [116.812568, -1.036638], [116.812883, -1.036392], [116.813431, -1.035857], [116.814016, -1.035549], [116.814367, -1.035151], [116.814479, -1.034429], [116.814479, -1.033998], [116.814687, -1.032808], [116.815312, -1.032184], [116.815632, -1.031613], [116.81616, -1.031217], [116.817145, -1.030863], [116.817811, -1.030518], [116.818313, -1.030076], [116.819248, -1.028818], [116.819383, -1.028402], [116.819189, -1.028407], [116.819194, -1.028339], [116.81931, -1.028147], [116.819266, -1.027977], [116.819679, -1.027651], [116.82003, -1.027434], [116.820325, -1.027157], [116.820623, -1.026412], [116.820713, -1.026321], [116.820696, -1.025997], [116.820749, -1.025389], [116.820911, -1.025154], [116.821549, -1.024865], [116.82225, -1.024847], [116.823239, -1.024458], [116.823733, -1.02396], [116.823634, -1.023806], [116.823598, -1.023399], [116.823491, -1.023309], [116.82358, -1.023019], [116.823805, -1.022748], [116.824407, -1.021725], [116.82483, -1.021662], [116.825634, -1.021432], [116.826482, -1.020465], [116.826834, -1.020468], [116.827092, -1.020599], [116.82736, -1.020837], [116.827791, -1.021536], [116.828044, -1.021491], [116.828743, -1.020985], [116.828776, -1.02092], [116.82927, -1.020486], [116.830045, -1.020651], [116.830751, -1.020524], [116.83087, -1.020396], [116.831131, -1.020296], [116.831221, -1.020215], [116.83123, -1.019898], [116.831153, -1.019617], [116.831158, -1.019382], [116.831319, -1.019147], [116.831508, -1.019012], [116.831652, -1.018849], [116.832236, -1.018704], [116.8322, -1.018568], [116.832335, -1.018442], [116.832515, -1.018414], [116.832713, -1.018433], [116.832946, -1.018342], [116.833087, -1.018212], [116.833333, -1.018125], [116.833749, -1.017803], [116.83383, -1.017684], [116.834042, -1.017543], [116.834388, -1.017491], [116.835779, -1.016368], [116.836448, -1.015981], [116.836879, -1.015795], [116.837216, -1.015809], [116.837575, -1.016017], [116.837863, -1.01599], [116.838088, -1.015873], [116.838999, -1.01523], [116.839512, -1.014739], [116.840263, -1.01447], [116.841611, -1.014063], [116.841936, -1.013921], [116.842115, -1.013911], [116.842182, -1.013996], [116.842672, -1.014072], [116.843268, -1.013572], [116.844629, -1.013304], [116.845402, -1.013378], [116.84683, -1.013661], [116.849772, -1.014588], [116.850586, -1.014732], [116.850868, -1.01491], [116.851507, -1.015584], [116.8516719, -1.0158181], [116.8525476, -1.0156042], [116.853406, -1.01551], [116.85397, -1.015231], [116.854455, -1.014878], [116.855084, -1.014507], [116.855237, -1.014453], [116.857152, -1.014317], [116.857817, -1.014064], [116.858482, -1.013901], [116.859291, -1.014001], [116.859695, -1.013892], [116.860073, -1.013612], [116.860477, -1.013458], [116.861034, -1.013422], [116.861412, -1.013295], [116.86276, -1.012988], [116.863111, -1.012798], [116.864414, -1.012734], [116.865187, -1.012617], [116.866023, -1.0123], [116.867164, -1.011965], [116.867713, -1.011676], [116.868845, -1.010997], [116.870068, -1.010418], [116.870544, -1.010437], [116.870814, -1.010337], [116.871065, -1.010156], [116.871982, -1.00974], [116.872387, -1.009586], [116.872728, -1.00955], [116.873061, -1.009378], [116.873205, -1.009261], [116.873933, -1.009016], [116.874094, -1.008663], [116.87413, -1.008473], [116.874094, -1.008048], [116.873645, -1.007388], [116.873555, -1.006981], [116.873708, -1.006094], [116.873546, -1.005117], [116.873555, -1.004873], [116.873789, -1.003868], [116.873771, -1.00347], [116.873672, -1.003271], [116.873573, -1.003163], [116.87254, -1.002366], [116.872072, -1.001688], [116.871048, -1.000801], [116.870877, -1.000566], [116.870895, -1.000132], [116.871021, -0.999878], [116.871147, -0.999706], [116.871731, -0.999236], [116.872297, -0.998458], [116.872562, -0.997461], [116.872423, -0.99711], [116.872162, -0.996739], [116.872001, -0.996386], [116.871983, -0.996178], [116.871749, -0.995463], [116.871641, -0.99493], [116.871947, -0.99369], [116.87183, -0.99293], [116.87183, -0.992496], [116.871875, -0.992324], [116.871911, -0.992215], [116.872101, -0.991965], [116.872369, -0.991247], [116.872549, -0.990958], [116.873637, -0.990117], [116.874257, -0.9897], [116.874796, -0.989501], [116.875012, -0.989474], [116.875371, -0.989528], [116.875569, -0.989637], [116.875893, -0.989691], [116.876189, -0.989646], [116.877268, -0.989646], [116.87787, -0.989719], [116.878679, -0.99009], [116.879317, -0.990071], [116.880557, -0.990243], [116.881061, -0.990225], [116.881627, -0.990108], [116.88187, -0.989963], [116.882067, -0.989891], [116.882634, -0.989981], [116.883155, -0.989954], [116.883586, -0.990171], [116.884225, -0.990633], [116.884647, -0.990786], [116.885384, -0.990832], [116.886705, -0.99028], [116.887209, -0.990126], [116.887532, -0.990171], [116.887973, -0.989882], [116.888233, -0.989809], [116.888458, -0.989846], [116.888647, -0.989963], [116.888764, -0.990162], [116.889069, -0.990379], [116.889483, -0.990316], [116.8907195, -0.9899377], [116.8923411, -0.9887645], [116.8944694, -0.9871324], [116.8973072, -0.9858063], [116.8994862, -0.9853983], [116.9011584, -0.9850413], [116.9030334, -0.9854494], [116.9048576, -0.9854494], [116.905096, -0.9845247], [116.9049401, -0.9840988], [116.904606, -0.9836055], [116.9041161, -0.983202], [116.9034702, -0.9828433], [116.9033811, -0.9825518], [116.9033589, -0.9821259], [116.9039825, -0.9813861], [116.9039825, -0.981117], [116.9035816, -0.9806462], [116.9027353, -0.9797719], [116.9025794, -0.9795477], [116.9018222, -0.979458], [116.9014436, -0.9791217], [116.9015995, -0.9785612], [116.9027799, -0.9771489], [116.9035817, -0.9763867], [116.9042054, -0.9755348], [116.9047399, -0.9752658], [116.9054526, -0.975064], [116.9060317, -0.974795], [116.906789, -0.9742122], [116.907858, -0.9740777], [116.9084816, -0.973719], [116.9098402, -0.9728223], [116.9102857, -0.9724636], [116.910308, -0.9721946], [116.909818, -0.9716789], [116.9093058, -0.9710512], [116.9088381, -0.9701096], [116.9088158, -0.9696836], [116.9091054, -0.9688317], [116.9093281, -0.9686524], [116.9096399, -0.9686076], [116.9100853, -0.9686076], [116.9104417, -0.9684506], [116.9107535, -0.9680247], [116.9109985, -0.967935], [116.9116444, -0.967935], [116.9120676, -0.967823], [116.9124907, -0.9673746], [116.9127357, -0.9664779], [116.9131366, -0.9660968], [116.9135375, -0.9658726], [116.9140275, -0.9658726], [116.9144507, -0.9655812], [116.9146734, -0.9654915], [116.9150743, -0.9654915], [116.915787, -0.9652449], [116.916522, -0.9649311], [116.9170565, -0.9647741], [116.9174129, -0.9643482], [116.9174574, -0.9638774], [116.9177247, -0.9634739], [116.9181033, -0.96316], [116.9195846, -0.9629864], [116.9198858, -0.9625448], [116.9238654, -0.958688], [116.9264036, -0.9576183], [116.9277416, -0.9563285], [116.9311106, -0.9515613], [116.9339026, -0.9416474], [116.9327226, -0.9336484], [116.9330556, -0.9333611], [116.9331705, -0.9329809], [116.933211, -0.9325428], [116.9335891, -0.9317601], [116.9342764, -0.9308864], [116.9344761, -0.9307069], [116.9349779, -0.92996], [116.9352252, -0.9297063], [116.936249, -0.928888], [116.9375629, -0.9274897], [116.9380552, -0.9267357], [116.938224, -0.9262402], [116.9382407, -0.9260127], [116.938167, -0.925534], [116.938079, -0.9252587], [116.9379862, -0.9251414], [116.937601, -0.9249882], [116.9373324, -0.9249534], [116.9371396, -0.9249738], [116.9366521, -0.9251917], [116.9356382, -0.9254626], [116.9352324, -0.9255028], [116.9349756, -0.9254813], [116.9346403, -0.9253616], [116.9341576, -0.9251366], [116.9336225, -0.9248182], [116.9335036, -0.9244112], [116.9335157, -0.9242253], [116.9334703, -0.924112], [116.9335797, -0.9236165], [116.933556, -0.9232694], [116.9335084, -0.9231306], [116.9332825, -0.9227595], [116.9331945, -0.9225034], [116.9331327, -0.9213305], [116.9328305, -0.9207941], [116.9326975, -0.9198248], [116.9325739, -0.9194753], [116.932298, -0.9189558], [116.9322315, -0.9186135], [116.9323361, -0.9182544], [116.9327808, -0.9178068], [116.9331542, -0.917498], [116.9334205, -0.9171605], [116.934015, -0.9168493], [116.9345572, -0.9166339], [116.9347903, -0.916598], [116.9354347, -0.9163275], [116.9359032, -0.9160331], [116.9361125, -0.9157865], [116.9362837, -0.915461], [116.9363146, -0.915224], [116.9364335, -0.9149224], [116.936493, -0.9148386], [116.9368069, -0.9146016], [116.9370447, -0.9141684], [116.9371779, -0.913759], [116.9372516, -0.9129356], [116.9375275, -0.9125813], [116.938248, -0.912263], [116.9384288, -0.9121074], [116.9385334, -0.9119278], [116.9385501, -0.9116549], [116.9385215, -0.9114132], [116.9384026, -0.91109], [116.93826, -0.9109272], [116.9380697, -0.9105562], [116.9380103, -0.9101157], [116.938081, -0.909821], [116.938153, -0.9097423], [116.9381934, -0.9095724], [116.9386024, -0.9090481], [116.9389972, -0.9088543], [116.9393264, -0.9087778], [116.9403194, -0.9084402], [116.940688, -0.9084449], [116.9408045, -0.908366], [116.941099, -0.9083295], [116.941292, -0.9082391], [116.9414585, -0.9082128], [116.9416939, -0.9082654], [116.9418342, -0.9081362], [116.941931, -0.908123], [116.9421576, -0.9079566], [116.9423051, -0.907959], [116.9424382, -0.90788], [116.9428758, -0.907758], [116.9432182, -0.9076], [116.9438889, -0.9068867], [116.94411, -0.9068172], [116.9444144, -0.9068532], [116.9446213, -0.9067263], [116.945133, -0.906677], [116.9451608, -0.9031337], [116.9451323, -0.9022486], [116.9451799, -0.9012778], [116.9451418, -0.8976181], [116.9451703, -0.893121], [116.9451466, -0.8913031], [116.9451614, -0.8795978], [116.9448833, -0.8796528], [116.9441865, -0.8795858], [116.9437609, -0.8793727], [116.9434826, -0.8794038], [116.943183, -0.8795044], [116.9430284, -0.8795067], [116.942812, -0.8796192], [116.9426741, -0.879648], [116.9421961, -0.8796528], [116.942013, -0.8796049], [116.9415374, -0.879253], [116.9410951, -0.8790184], [116.9403365, -0.8787287], [116.9400788, -0.8787019], [116.9398086, -0.878712], [116.9393853, -0.8788077], [116.9391641, -0.8789202], [116.938591, -0.8790183], [116.9377231, -0.8790064], [116.9372379, -0.8790758], [116.9370976, -0.8790447], [116.9365245, -0.8786209], [116.9359348, -0.8780225], [116.9357279, -0.8779124], [116.935376, -0.8779339], [116.9350311, -0.8780153], [116.9347815, -0.8781661], [116.9345532, -0.878372], [116.9343058, -0.8784797], [116.9336352, -0.8788982], [116.9327482, -0.8792935], [116.9323511, -0.8793127], [116.9321038, -0.8793653], [116.9317328, -0.879351], [116.9309195, -0.8795018], [116.9305366, -0.8800427], [116.9303512, -0.8804569], [116.9298399, -0.8812755], [116.929438, -0.881771], [116.929243, -0.8819051], [116.9290361, -0.8819122], [116.9288577, -0.881862], [116.9287334, -0.8817676], [116.928444, -0.8816944], [116.9277139, -0.8812898], [116.9273073, -0.8809379], [116.9272074, -0.8808015], [116.9268222, -0.8804903], [116.9265157, -0.8803016], [116.9259066, -0.8800426], [116.9257353, -0.8798848], [116.9252907, -0.8796477], [116.9249691, -0.8795351], [116.9246653, -0.879516], [116.9240934, -0.879698], [116.9238901, -0.8798894], [116.9235604, -0.8803926], [116.9235286, -0.8805118], [116.9227747, -0.88151], [116.9224775, -0.8821443], [116.9224347, -0.8824076], [116.9224715, -0.8827319], [116.9222777, -0.8833675], [116.9220518, -0.8836165], [116.9218972, -0.8836691], [116.9216832, -0.8836595], [116.9213978, -0.883492], [116.921122, -0.8832406], [116.9204765, -0.8828788], [116.9199449, -0.8826828], [116.9196357, -0.8826517], [116.9190745, -0.8826828], [116.9186631, -0.8828049], [116.9184752, -0.8828959], [116.9180424, -0.8832429], [116.9180068, -0.8832982], [116.918187, -0.8834162], [116.9181867, -0.8840299], [116.9181154, -0.8844895], [116.9179656, -0.884985], [116.9179798, -0.8852723], [116.9180868, -0.8856744], [116.9182509, -0.8860407], [116.9184763, -0.8867502], [116.9184792, -0.8872112], [116.9181938, -0.8877427], [116.917994, -0.8878719], [116.9170381, -0.88831], [116.9168169, -0.8885469], [116.9167384, -0.8887911], [116.9167741, -0.889502], [116.9168739, -0.8903279], [116.9167954, -0.8908593], [116.9167098, -0.8910963], [116.9163745, -0.8913763], [116.9158609, -0.8916133], [116.9155826, -0.8918288], [116.915497, -0.8919867], [116.9151648, -0.891329], [116.9151268, -0.8906181], [116.9150341, -0.8901297], [116.9149366, -0.8898257], [116.9143017, -0.8887653], [116.914094, -0.888563], [116.913876, -0.8884469], [116.9137262, -0.888466], [116.913346, -0.888638], [116.9132125, -0.8886623], [116.9128701, -0.8889256], [116.9126751, -0.8890118], [116.9124539, -0.8890549], [116.9122066, -0.8890453], [116.9119474, -0.8889783], [116.9114623, -0.8887317], [116.911253, -0.8887413], [116.9111508, -0.8888226], [116.911039, -0.8890141], [116.9109843, -0.8891961], [116.9107108, -0.8896054], [116.9101068, -0.8901272], [116.9097049, -0.8903618], [116.909391, -0.8904671], [116.9092364, -0.8904695], [116.908855, -0.890366], [116.9085753, -0.8901032], [116.9081235, -0.8897825], [116.9079071, -0.8897059], [116.9077549, -0.8897178], [116.907636, -0.8897896], [116.907572, -0.889885], [116.9073839, -0.8900386], [116.907208, -0.8903881], [116.907019, -0.89058], [116.9067181, -0.8909841], [116.906327, -0.891296], [116.9062425, -0.891549], [116.9060546, -0.8919009], [116.9058643, -0.8920732], [116.9054291, -0.8923581], [116.905051, -0.8927411], [116.9048275, -0.8929039], [116.9047395, -0.8931169], [116.9047322, -0.8933581], [116.9048465, -0.8939308], [116.9049345, -0.8941319], [116.9049844, -0.8946776], [116.9049487, -0.8948165], [116.904787, -0.8950918], [116.9045968, -0.8953096], [116.9045611, -0.8954987], [116.9043732, -0.8956375], [116.9042995, -0.8956375], [116.9041901, -0.8955513], [116.904057, -0.8953301], [116.9036408, -0.8952928], [116.9033015, -0.8951397], [116.9031248, -0.8951013], [116.9026111, -0.8950055], [116.9022663, -0.895063], [116.9009108, -0.8948882], [116.9006335, -0.8947501], [116.900478, -0.8945961], [116.9003377, -0.8943998], [116.9002022, -0.8940503], [116.9001041, -0.8939292], [116.8996505, -0.8936482], [116.8985664, -0.8931975], [116.8979455, -0.8928438], [116.8974746, -0.8924871], [116.8973129, -0.8924201], [116.8970941, -0.8924301], [116.8968873, -0.8925159], [116.8967921, -0.8926092], [116.8966922, -0.8928031], [116.8966922, -0.8932986], [116.8966566, -0.8934087], [116.8965614, -0.893526], [116.8963331, -0.8936792], [116.8960121, -0.8937678], [116.8957196, -0.893763], [116.8955627, -0.893672], [116.8953154, -0.8933284], [116.8950419, -0.8922573], [116.894942, -0.8920634], [116.8945806, -0.8917881], [116.8941906, -0.8915942], [116.8936746, -0.891417], [116.893237, -0.8913213], [116.8929731, -0.8913213], [116.8924546, -0.8915367], [116.8921383, -0.8918096], [116.891803, -0.8920106], [116.8914321, -0.8921255], [116.8909969, -0.8921686], [116.8905736, -0.8921135], [116.889853, -0.891805], [116.8891254, -0.891618], [116.8884453, -0.8913474], [116.8880624, -0.8913091], [116.8873657, -0.8913953], [116.8872282, -0.8913534], [116.8871207, -0.8912349], [116.8869638, -0.8909381], [116.8868996, -0.890658], [116.8869281, -0.8903444], [116.8868925, -0.8900476], [116.8867236, -0.8897436], [116.8865596, -0.8895497], [116.8863861, -0.88942], [116.8863765, -0.8892375], [116.8864859, -0.888888], [116.8868331, -0.8883997], [116.8870043, -0.8882226], [116.8872479, -0.8877362], [116.8872836, -0.8871545], [116.887255, -0.8866949], [116.88746, -0.8857989], [116.8880902, -0.8852544], [116.8883637, -0.8850689], [116.8885777, -0.8848415], [116.8886788, -0.8846739], [116.8889612, -0.8844542], [116.8895973, -0.8841371], [116.8897519, -0.8839456], [116.8897935, -0.8838079], [116.8897638, -0.8836823], [116.8895855, -0.883389], [116.8893952, -0.8831975], [116.889318, -0.8830299], [116.8892645, -0.8828624], [116.8892823, -0.882623], [116.8894309, -0.8823956], [116.8897936, -0.8820725], [116.8899346, -0.8818979], [116.8900963, -0.8815819], [116.8902105, -0.8812277], [116.8902771, -0.8808542], [116.8902913, -0.8803611], [116.890396, -0.8799686], [116.8905482, -0.8797483], [116.8907147, -0.8795664], [116.8908764, -0.8794611], [116.8914376, -0.8794515], [116.8916659, -0.8796287], [116.8919369, -0.8799495], [116.8921177, -0.8800069], [116.892346, -0.8800261], [116.8924839, -0.879983], [116.8928066, -0.8795152], [116.8932418, -0.879034], [116.8935913, -0.8785098], [116.8937483, -0.8783303], [116.8938355, -0.8779796], [116.8937344, -0.8773692], [116.8936988, -0.8764775], [116.89392, -0.8758599], [116.8942434, -0.8754291], [116.8942624, -0.874778], [116.8940532, -0.8740503], [116.8940874, -0.8737491], [116.8941683, -0.8735768], [116.8942967, -0.8734667], [116.8944632, -0.873347], [116.8950957, -0.8730406], [116.8952384, -0.8729257], [116.8953859, -0.8727294], [116.8954195, -0.872222], [116.895366, -0.8719468], [116.8954938, -0.8708553], [116.8955249, -0.8701017], [116.8954421, -0.869168], [116.8953565, -0.8688448], [116.8953874, -0.8680994], [116.8952685, -0.8675489], [116.8951615, -0.8672556], [116.8951794, -0.8670342], [116.8956059, -0.8664832], [116.895487, -0.8663935], [116.8949757, -0.8662259], [116.894546, -0.8659597], [116.8943499, -0.8654381], [116.8943081, -0.8653753], [116.8941196, -0.865282], [116.8939806, -0.8649109], [116.893815, -0.8648176], [116.8931831, -0.864296], [116.8931298, -0.8641589], [116.8928404, -0.8637916], [116.8928176, -0.8632662], [116.8927738, -0.8630606], [116.8925492, -0.8626075], [116.8924711, -0.8625771], [116.8923017, -0.862638], [116.8917954, -0.8629349], [116.8914555, -0.8632646], [116.8910005, -0.8628988], [116.8907102, -0.8623782], [116.89063, -0.8623273], [116.8903208, -0.8622824], [116.890089, -0.8621118], [116.8897917, -0.8614722], [116.8897156, -0.8613836], [116.8896062, -0.8613382], [116.8895111, -0.8613693], [116.8894278, -0.8614459], [116.8892305, -0.8617977], [116.8891498, -0.8618569], [116.8886218, -0.8620077], [116.888184, -0.8624432], [116.8878659, -0.862506], [116.8875657, -0.8627663], [116.8874675, -0.8627485], [116.8871679, -0.862016], [116.8870181, -0.8618006], [116.8867659, -0.8608302], [116.8864873, -0.8600688], [116.8864397, -0.8596188], [116.8860403, -0.8587857], [116.8860051, -0.8585655], [116.886109, -0.8574435], [116.8859664, -0.856869], [116.8857916, -0.8566293], [116.8853576, -0.8563121], [116.8846026, -0.8559351], [116.8842994, -0.855941], [116.8836516, -0.8562347], [116.8833484, -0.8562766], [116.8831225, -0.8560013], [116.882968, -0.8556482], [116.8828907, -0.8555465], [116.8826429, -0.8553988], [116.8825382, -0.8551998], [116.8824252, -0.8550741], [116.8823955, -0.8545774], [116.8823182, -0.854338], [116.8818744, -0.8536532], [116.8817745, -0.8533947], [116.8818031, -0.8525473], [116.8818609, -0.8521751], [116.8820226, -0.851907], [116.8821938, -0.8517059], [116.8824697, -0.8515719], [116.8834304, -0.8512655], [116.884026, -0.850593], [116.882282, -0.849263], [116.876629, -0.845232], [116.872218, -0.8417176], [116.8717065, -0.8385111], [116.8708052, -0.8375466], [116.8687223, -0.834995], [116.8671794, -0.8340196], [116.8657379, -0.8336117], [116.8628088, -0.833498], [116.8593, -0.834403], [116.856669, -0.833041], [116.855047, -0.832009], [116.8525742, -0.8307036], [116.848246, -0.8268991], [116.8439407, -0.8261786], [116.839367, -0.825928], [116.8336201, -0.8238705], [116.8326408, -0.824219], [116.8308935, -0.823766], [116.8299336, -0.8221487], [116.8289812, -0.8186406], [116.8243141, -0.8159108], [116.8251663, -0.8097553], [116.8178535, -0.8081051], [116.8100266, -0.8062307], [116.8068371, -0.8060469], [116.7994021, -0.8176818], [116.79472, -0.8208869], [116.7927421, -0.8221016], [116.7900909, -0.8233777], [116.784668, -0.8209697], [116.7777648, -0.8237684], [116.774276, -0.8252354], [116.7724745, -0.8257564], [116.771771, -0.8239175], [116.7702848, -0.8208695], [116.7719697, -0.8176655], [116.7708599, -0.8160014], [116.7710688, -0.8134052], [116.7720732, -0.8123388], [116.7727628, -0.8112593], [116.7739479, -0.810649], [116.7742865, -0.8094492], [116.7743566, -0.8078857], [116.7742713, -0.8076053], [116.7738454, -0.8072027], [116.7728724, -0.8068433], [116.7723789, -0.8063674], [116.7719261, -0.8057246], [116.7717367, -0.8051274], [116.7721241, -0.8044335], [116.772901, -0.8037499], [116.7733858, -0.8032644], [116.7743393, -0.8030238], [116.7746588, -0.8026935], [116.7747003, -0.8023209], [116.7739413, -0.8015709], [116.7732969, -0.8013761], [116.7727234, -0.8016392], [116.765726, -0.8041914], [116.76468, -0.8037344], [116.762915, -0.8036694], [116.756182, -0.8087024], [116.753436, -0.8112514], [116.752717, -0.8121664], [116.7515189, -0.8144819], [116.750429, -0.8173294], [116.746769, -0.8235934], [116.745398, -0.8243334], [116.7435509, -0.8256419], [116.7386552, -0.8251262], [116.7353311, -0.8258501], [116.733397, -0.8232594], [116.733249, -0.8220004], [116.733101, -0.8200744], [116.733419, -0.8152704], [116.734042, -0.8116614], [116.7342724, -0.8117113], [116.7343227, -0.81169], [116.7346553, -0.8112161], [116.7349515, -0.810961], [116.7350699, -0.8107339], [116.7350568, -0.8107023], [116.7350959, -0.8107051], [116.7350524, -0.8106835], [116.7350978, -0.8106608], [116.7350703, -0.8105933], [116.7351283, -0.8104663], [116.7348424, -0.8100494], [116.7347397, -0.8097341], [116.7344957, -0.8093606], [116.7343886, -0.8087735], [116.734247, -0.8086384], [116.7342118, -0.8085302], [116.7340663, -0.8083262], [116.7342679, -0.8078296], [116.7342985, -0.8075753], [116.7342776, -0.8071483], [116.7341806, -0.8065942], [116.7341812, -0.8063486], [116.7341089, -0.806039], [116.7338392, -0.805453], [116.729193, -0.8036224], [116.727859, -0.8023634], [116.725859, -0.8002524], [116.7231246, -0.8007883], [116.719023, -0.8037744], [116.714993, -0.8045394], [116.714229, -0.8052524], [116.713171, -0.8063724], [116.712229, -0.8068444], [116.71134, -0.8073634], [116.710414, -0.8071784], [116.709229, -0.8064744], [116.708932, -0.8053634], [116.708155, -0.8031414], [116.6955, -0.7989414], [116.689931, -0.7977704], [116.684165, -0.7983074], [116.680415, -0.8016894], [116.678597, -0.8045474], [116.6783749, -0.8058375], [116.670852, -0.8055184], [116.664523, -0.8122074], [116.662701, -0.8145134], [116.66063, -0.8154004], [116.659572, -0.8187884], [116.658521, -0.8202134], [116.654299, -0.8225844], [116.651227, -0.8251844], [116.650762, -0.8336774], [116.652373, -0.8361014], [116.652188, -0.8365824], [116.651185, -0.8372944], [116.649829, -0.8392014], [116.649069, -0.8398654], [116.648669, -0.8403234], [116.648299, -0.8410644], [116.648077, -0.8419164], [116.648199, -0.8427444], [116.648181, -0.8447994], [116.648373, -0.8471754], [116.647993, -0.8488864], [116.64741, -0.8502124], [116.645928, -0.8525824], [116.643919, -0.8543704], [116.641632, -0.8567304], [116.641113, -0.8582854], [116.641706, -0.8605814], [116.641464, -0.8622724], [116.639039, -0.8648034], [116.63677, -0.8663564], [116.632372, -0.8679884], [116.632353, -0.8684974], [116.631692, -0.8711124], [116.630964, -0.8729514], [116.628341, -0.8763284], [116.626445, -0.8773964], [116.624667, -0.8783224], [116.622431, -0.8785904], [116.620963, -0.8789514], [116.620186, -0.8789434], [116.619482, -0.8785074], [116.618037, -0.8777664], [116.616704, -0.8776184], [116.615333, -0.8776184], [116.614371, -0.8778774], [116.612963, -0.8797284], [116.610593, -0.8806174], [116.609037, -0.8804694], [116.60837, -0.8804694], [116.607037, -0.8799514], [116.605851, -0.8800994], [116.604814, -0.8808404], [116.604074, -0.8815804], [116.602444, -0.8827654], [116.5995, -0.8824374], [116.59711, -0.8803954], [116.59585, -0.8795064], [116.594294, -0.8782844], [116.592606, -0.8754754], [116.591999, -0.8747284], [116.591169, -0.8739104], [116.589776, -0.8739974], [116.588628, -0.8734054], [116.588591, -0.8725534], [116.589924, -0.8704794], [116.591455, -0.8689834], [116.591739, -0.8680244], [116.592126, -0.8672474], [116.592036, -0.8660244], [116.590976, -0.8643054], [116.589406, -0.8635804], [116.587887, -0.8637284], [116.58648, -0.8639874], [116.585035, -0.8641734], [116.584061, -0.8640994], [116.583924, -0.8632844], [116.583331, -0.8615444], [116.582627, -0.8605814], [116.58096, -0.8602104], [116.5788304, -0.8626114], [116.5763494, -0.8645265], [116.5700585, -0.8616057], [116.5683306, -0.8598956], [116.5678236, -0.8588679], [116.567441, -0.8575444], [116.567759, -0.8568014], [116.566404, -0.8529884], [116.566563, -0.8515564], [116.567554, -0.8511584], [116.569271, -0.8493644], [116.571088, -0.8467074], [116.570997, -0.8453214], [116.571154, -0.8447144], [116.571454, -0.8423354], [116.571775, -0.8412154], [116.572055, -0.8390504], [116.572064, -0.8361754], [116.571886, -0.8355484], [116.572219, -0.8345814], [116.572509, -0.8340714], [116.572515, -0.8323954], [116.572219, -0.8312104], [116.571071, -0.8302104], [116.570552, -0.8291734], [116.569795, -0.8273104], [116.569256, -0.8239144], [116.568724, -0.8210654], [116.568811, -0.8205444], [116.568552, -0.8202114], [116.567589, -0.8195074], [116.566663, -0.8180634], [116.565811, -0.8157294], [116.565626, -0.8148044], [116.564107, -0.8126564], [116.561858, -0.8122014], [116.560441, -0.8121004], [116.557547, -0.8110424], [116.555775, -0.8102084], [116.554996, -0.8100264], [116.55385, -0.8102614], [116.553376, -0.8114274], [116.552218, -0.8126194], [116.550514, -0.8128784], [116.548181, -0.8126194], [116.546514, -0.8128784], [116.54355, -0.8123964], [116.540764, -0.8127104], [116.540158, -0.8128864], [116.539254, -0.8132484], [116.538919, -0.8136604], [116.538072, -0.8142654], [116.537429, -0.8149634], [116.53552, -0.8184574], [116.534809, -0.8207294], [116.533101, -0.8247384], [116.532698, -0.8255444], [116.532032, -0.8262104], [116.53069, -0.8261174], [116.527422, -0.8260694], [116.523946, -0.8246214], [116.52252, -0.8240994], [116.521415, -0.8242914], [116.520358, -0.8242914], [116.518244, -0.8250114], [116.515024, -0.8262614], [116.514014, -0.8270534], [116.513153, -0.8286234], [116.512976, -0.8304654], [116.512112, -0.8358564], [116.512621, -0.8369044], [116.513106, -0.8381054], [116.515192, -0.8408394], [116.515927, -0.8414924], [116.516924, -0.8431804], [116.51709, -0.8439194], [116.516705, -0.8457934], [116.514447, -0.8478114], [116.511323, -0.8486624], [116.51017, -0.8500214], [116.508354, -0.8514604], [116.507142, -0.8536014], [116.506085, -0.8561004], [116.501066, -0.858059], [116.5042498, -0.863472], [116.4983087, -0.8700732], [116.4876896, -0.884232], [116.4856807, -0.8910662], [116.4859403, -0.8912156], [116.4860473, -0.8914669], [116.4861899, -0.8920773], [116.4867275, -0.8926458], [116.4870458, -0.8930828], [116.4877651, -0.8937757], [116.4874379, -0.8939738], [116.4871766, -0.8940697], [116.4869299, -0.8940945], [116.4865114, -0.8939413], [116.4855269, -0.8942858], [116.4851999, -0.8945012], [116.484748, -0.8949799], [116.4843228, -0.895679], [116.4799808, -0.9104415], [116.4795949, -0.911493], [116.4801655, -0.9121035], [116.4805935, -0.9123549], [116.4810216, -0.9121754], [116.4815566, -0.9123191], [116.4817706, -0.9127141], [116.4819844, -0.91354], [116.4814441, -0.9146383], [116.4813254, -0.9154341], [116.4813011, -0.9167925], [116.4811584, -0.9175106], [116.4804176, -0.918433], [116.4796362, -0.9192817], [116.479208, -0.9204306], [116.4791601, -0.9226807], [116.4787319, -0.9238296], [116.4781611, -0.9247391], [116.4773048, -0.9263188], [116.4765912, -0.9274197], [116.4762582, -0.9282335], [116.4761153, -0.929574], [116.4761345, -0.9309495], [116.4769707, -0.9340263], [116.4767328, -0.9352231], [116.4761143, -0.9362284], [116.474402, -0.9374728], [116.474164, -0.9387175], [116.4743066, -0.9398186], [116.473593, -0.9411111], [116.472499, -0.9415896], [116.471006, -0.9418961], [116.4705067, -0.941513], [116.4696031, -0.9415368], [116.4686519, -0.9416564], [116.467986, -0.9416563], [116.4672251, -0.9413211], [116.4664167, -0.9410816], [116.4643954, -0.9409137], [116.4636583, -0.9406742], [116.4631088, -0.9403791], [116.4631709, -0.9412444], [116.4631792, -0.9419164], [116.4629318, -0.9424717], [116.4623991, -0.9430653], [116.4622088, -0.9435057], [116.4621516, -0.9439844], [116.4621514, -0.9455546], [116.4620181, -0.9461482], [116.4618659, -0.9465503], [116.4616566, -0.9468759], [116.4616565, -0.947278], [116.4617516, -0.9477759], [116.4617478, -0.9481841], [116.4605063, -0.9500976], [116.4590749, -0.9509564], [116.4567406, -0.9517725], [116.4565265, -0.9518922], [116.4549689, -0.952251], [116.4544933, -0.9524184], [116.453875, -0.952562], [116.4531854, -0.9526097], [116.4522818, -0.9525378], [116.4519488, -0.9525856], [116.451604, -0.9527531], [116.4513186, -0.9530163], [116.4510451, -0.9531839], [116.4507597, -0.953483], [116.4504625, -0.9534231], [116.4500484, -0.9529741], [116.4499007, -0.9530345], [116.4496534, -0.953044], [116.4494537, -0.9529769], [116.4492254, -0.9527854], [116.4490828, -0.9525269], [116.4487119, -0.9520768], [116.4484741, -0.9519523], [116.4478558, -0.9518086], [116.447599, -0.9518756], [116.4471044, -0.9521149], [116.4473706, -0.9528816], [116.4473705, -0.9533117], [116.4473134, -0.953599], [116.447066, -0.9540202], [116.4468947, -0.9544989], [116.4467994, -0.9557627], [116.4467042, -0.956318], [116.4464568, -0.9567776], [116.4461143, -0.9572946], [116.4456957, -0.9577158], [116.4453342, -0.9582519], [116.4449156, -0.9587306], [116.444573, -0.9594007], [116.4433671, -0.9626762], [116.4399037, -0.9656448], [116.4385602, -0.9708424], [116.4417283, -0.9701889], [116.4417283, -0.9845368], [116.447699, -1.0034009], [116.453061, -1.0206412], [116.45446, -1.0249256], [116.4541669, -1.0266796], [116.4540625, -1.031566], [116.4540625, -1.043518], [116.4434814, -1.0593872], [116.4415631, -1.060882], [116.440803, -1.0615533], [116.4408801, -1.0624827], [116.440502, -1.0625616], [116.4402879, -1.0626765], [116.4400666, -1.0634448], [116.4396956, -1.064012], [116.4394631, -1.0642436], [116.4390635, -1.0643584], [116.438664, -1.0643775], [116.4383026, -1.0643391], [116.4376084, -1.0643791], [116.4370733, -1.0645226], [116.4367166, -1.064738], [116.4367291, -1.0653439], [116.4368591, -1.0655997], [116.4368947, -1.0658271], [116.4367995, -1.0662819], [116.4365022, -1.0665332], [116.4348106, -1.066953], [116.4327943, -1.0677011], [116.4286237, -1.0709062], [116.4275264, -1.0731218], [116.4271002, -1.0736071], [116.4261132, -1.0739181], [116.4256138, -1.0742172], [116.4254592, -1.0745044], [116.4254591, -1.0747677], [116.4255541, -1.0752704], [116.4254946, -1.0758808], [116.4252686, -1.0763595], [116.4250307, -1.0766108], [116.4241595, -1.0766555], [116.4234055, -1.0792896], [116.4168701, -1.0913086], [116.40448, -1.1054077], [116.3905029, -1.1176147], [116.3859499, -1.1222498], [116.3761893, -1.1320103], [116.3708798, -1.1443992], [116.3712769, -1.1469116], [116.3756714, -1.171814], [116.3758774, -1.172719], [116.3761893, -1.1744865], [116.3777869, -1.1968517], [116.3779297, -1.1992798], [116.3704834, -1.2073975], [116.3677713, -1.2104712], [116.3602609, -1.2187327], [116.3443321, -1.2452804], [116.3354828, -1.284217], [116.3354836, -1.2906576], [116.3346542, -1.2916626], [116.3344972, -1.2919354], [116.3344686, -1.292237], [116.334497, -1.2927109], [116.334825, -1.2934578], [116.3350104, -1.2935871], [116.3353386, -1.2935441], [116.3354618, -1.2934587], [116.3354848, -1.3013152], [116.335931, -1.3021432], [116.3360618, -1.3025774], [116.3361225, -1.3031556], [116.3360368, -1.3043085], [116.3359281, -1.3046552], [116.3357655, -1.3050651], [116.3354979, -1.3054863], [116.3351585, -1.3056411], [116.3352541, -1.3059056], [116.3352255, -1.3060588], [116.3350542, -1.3062694], [116.3345309, -1.306748], [116.3344815, -1.3072648], [116.3343308, -1.3080309], [116.3341309, -1.308662], [116.3340357, -1.3088056], [116.3339525, -1.3088414]]], [[[116.7038396, -1.1208558], [116.703853, -1.1210087], [116.7039362, -1.1213573], [116.7040971, -1.1215155], [116.7043492, -1.1216684], [116.7045772, -1.121781], [116.7048106, -1.1219392], [116.7049956, -1.1220787], [116.7053068, -1.1222879], [116.7055374, -1.1224809], [116.7059398, -1.1228108], [116.7060927, -1.1229878], [116.7062375, -1.123154], [116.7064172, -1.1233015], [116.706605, -1.1232747], [116.7067042, -1.1231755], [116.7068759, -1.1231594], [116.7068383, -1.1233123], [116.7067659, -1.123508], [116.7068624, -1.1236368], [116.7070207, -1.1240578], [116.707187, -1.1242669], [116.7073157, -1.1243823], [116.7073479, -1.1244761], [116.7074847, -1.1246612], [116.707584, -1.1247765], [116.707702, -1.1248891], [116.7078039, -1.1249347], [116.7078656, -1.1249696], [116.7080641, -1.1250607], [116.7082947, -1.1251036], [116.7084932, -1.1249749], [116.7086568, -1.1249293], [116.7090431, -1.1247228], [116.7091852, -1.1245619], [116.7093542, -1.1244413], [116.7095554, -1.1241731], [116.7096305, -1.1240149], [116.7096814, -1.1239371], [116.7098907, -1.1238513], [116.710065, -1.1236609], [116.7101562, -1.1235027], [116.7104432, -1.1231031], [116.7106014, -1.1229824], [116.710757, -1.1228617], [116.7109019, -1.1225212], [116.7109582, -1.1222664], [116.7109099, -1.1220733], [116.7109501, -1.1218481], [116.7109528, -1.1215611], [116.7108348, -1.1212876], [116.7109796, -1.1211481], [116.711044, -1.1209577], [116.7110628, -1.1206869], [116.711095, -1.1204858], [116.7110842, -1.1202578], [116.7110896, -1.1200755], [116.7110869, -1.1198502], [116.711044, -1.1196464], [116.7109635, -1.1195606], [116.7106444, -1.1194935], [116.7101589, -1.1194587], [116.7099121, -1.1195043], [116.7097458, -1.1196357], [116.7095688, -1.1197322], [116.7094615, -1.1198019], [116.7090431, -1.119574], [116.7089385, -1.1195203], [116.7086515, -1.1195177], [116.7085415, -1.1196196], [116.7085978, -1.1197912], [116.7086568, -1.119928], [116.7085844, -1.1200165], [116.7083672, -1.1200111], [116.7082652, -1.119936], [116.7079729, -1.1197671], [116.7077154, -1.1197107], [116.7076537, -1.1197081], [116.7071977, -1.1195686], [116.7067793, -1.1196088], [116.7065084, -1.1197268], [116.7064896, -1.1198529], [116.7065889, -1.1200165], [116.7064574, -1.1200889], [116.7063206, -1.1200674], [116.7061168, -1.1201237], [116.7060176, -1.1202605], [116.7059398, -1.1203383], [116.7057869, -1.1203812], [116.7051619, -1.1203141], [116.7049956, -1.1202337], [116.7047811, -1.1202551], [116.7046469, -1.1203383], [116.7042768, -1.1203383], [116.7041051, -1.1203946], [116.7040086, -1.1204911], [116.703904, -1.1206601], [116.7038396, -1.1208558]]], [[[116.7078549, -1.1260208], [116.7078629, -1.126415], [116.7079326, -1.1266376], [116.7080802, -1.1268065], [116.7083833, -1.1271095], [116.7086273, -1.1272517], [116.7087668, -1.1273375], [116.7090484, -1.1274555], [116.7092738, -1.1275735], [116.7094508, -1.1276486], [116.7096573, -1.1276915], [116.7097324, -1.1277397], [116.7099497, -1.1278497], [116.710175, -1.1279543], [116.7104673, -1.1279972], [116.7105907, -1.1279221], [116.7106631, -1.1277344], [116.7107382, -1.1275118], [116.7107972, -1.1273026], [116.7109179, -1.1270881], [116.7111245, -1.1270613], [116.7112961, -1.1272785], [116.7114812, -1.1273428], [116.7114785, -1.1275064], [116.7114276, -1.1277666], [116.711154, -1.1278577], [116.7108294, -1.1279328], [116.7106712, -1.1281688], [116.7108777, -1.1283083], [116.7111567, -1.1284209], [116.711441, -1.1285657], [116.7117307, -1.1286944], [116.7120874, -1.1286998], [116.7124549, -1.128681], [116.7125729, -1.128622], [116.7126828, -1.1284102], [116.7128116, -1.1285121], [116.713002, -1.1285335], [116.7132166, -1.1285067], [116.7132434, -1.1282868], [116.7132461, -1.1281313], [116.7132756, -1.1278711], [116.7133936, -1.1277022], [116.71345, -1.1275788], [116.7133936, -1.1274662], [116.7134607, -1.1273777], [116.7134392, -1.1272517], [116.7133105, -1.1270425], [116.713112, -1.1267663], [116.7129886, -1.1266376], [116.7130101, -1.1264767], [116.7130235, -1.1263801], [116.7128921, -1.1260717], [116.7128652, -1.1259269], [116.7127553, -1.12564], [116.7127177, -1.1254147], [116.7127043, -1.125294], [116.7125863, -1.1249106], [116.7125165, -1.1247738], [116.7123529, -1.1243528], [116.7123288, -1.1243233], [116.7121705, -1.1240578], [116.7121062, -1.123921], [116.7120096, -1.1237896], [116.7118487, -1.1237601], [116.7118165, -1.1238003], [116.7115831, -1.1237011], [116.7113659, -1.1236877], [116.7111942, -1.1237842], [116.7109689, -1.1238352], [116.7107946, -1.1240041], [116.7106417, -1.1241168], [116.710411, -1.1243259], [116.7102796, -1.1244922], [116.7100409, -1.1249186], [116.7100462, -1.1250795], [116.7099094, -1.1251117], [116.7096627, -1.125101], [116.7093918, -1.1251814], [116.7093381, -1.125235], [116.7085898, -1.1254683], [116.7082733, -1.1256427], [116.708048, -1.1257767], [116.70793, -1.1259189], [116.7078549, -1.1260208]]], [[[116.708056, -1.1285067], [116.7082062, -1.1286301], [116.7083994, -1.1286837], [116.7085844, -1.1287454], [116.7087856, -1.1288392], [116.7089573, -1.1289385], [116.7091048, -1.1291074], [116.7093381, -1.129271], [116.70955, -1.1293273], [116.7097324, -1.1292629], [116.7099497, -1.1292388], [116.7102447, -1.1292308], [116.7103547, -1.1292013], [116.7103654, -1.129094], [116.7101428, -1.1288526], [116.7098638, -1.1287373], [116.7095447, -1.128563], [116.7091987, -1.1283565], [116.708807, -1.1281232], [116.7085737, -1.1280455], [116.7084691, -1.1280294], [116.7083216, -1.1280213], [116.7082679, -1.1280535], [116.7081687, -1.1282037], [116.7080775, -1.1283404], [116.708056, -1.1285067]]], [[[116.7114866, -1.135943], [116.7115241, -1.136179], [116.7117226, -1.1362487], [116.7119586, -1.1361495], [116.712133, -1.1359725], [116.7124468, -1.1356802], [116.7125916, -1.13553], [116.7127177, -1.1353316], [116.7128277, -1.1351653], [116.7128518, -1.1350554], [116.712817, -1.1348945], [116.7127204, -1.1348972], [116.7125434, -1.1349347], [116.7124039, -1.1349669], [116.7122161, -1.1349642], [116.7121464, -1.1349374], [116.7121169, -1.1348274], [116.7120257, -1.1348596], [116.7119774, -1.1348864], [116.7117602, -1.134924], [116.7116421, -1.1349857], [116.7115885, -1.1351278], [116.7115858, -1.1353611], [116.7115509, -1.1355569], [116.7114946, -1.1357499], [116.7114866, -1.135943]]], [[[116.712141, -1.1338352], [116.7122, -1.1339773], [116.7122564, -1.1339881], [116.7123288, -1.1339639], [116.7125407, -1.1339452], [116.7127231, -1.1338969], [116.7129081, -1.1338245], [116.7131871, -1.133854], [116.7134231, -1.1338781], [116.7136565, -1.1337816], [116.7140266, -1.1336394], [116.7142627, -1.1335429], [116.7144638, -1.1334785], [116.714673, -1.1334839], [116.7148447, -1.1334785], [116.7156306, -1.1334142], [116.715982, -1.1333257], [116.7162985, -1.1332238], [116.7165238, -1.1330334], [116.7166713, -1.132843], [116.7168027, -1.1326419], [116.7169207, -1.1324032], [116.7169395, -1.1320278], [116.7168778, -1.131891], [116.7166525, -1.1318561], [116.7164353, -1.1318374], [116.716328, -1.1317408], [116.7163548, -1.1315451], [116.7164996, -1.1314217], [116.7166606, -1.1314512], [116.7167973, -1.1314592], [116.7169449, -1.1312849], [116.7171407, -1.1311696], [116.7172909, -1.131065], [116.7173874, -1.1308612], [116.7174277, -1.1308183], [116.7177576, -1.1304187], [116.7178568, -1.1302149], [116.7178622, -1.1299977], [116.7176637, -1.1298234], [116.7174491, -1.1296813], [116.7172131, -1.1295231], [116.7170468, -1.1294667], [116.7168751, -1.1292308], [116.7167839, -1.1290484], [116.7167249, -1.1289116], [116.716623, -1.1287776], [116.7164728, -1.1287373], [116.7163709, -1.1288848], [116.7163119, -1.1290591], [116.7161697, -1.1291315], [116.7161563, -1.1292147], [116.7162073, -1.1293166], [116.7161134, -1.1294802], [116.7158398, -1.129692], [116.7157111, -1.1297939], [116.7153811, -1.1300004], [116.7152148, -1.1302552], [116.7150915, -1.1303866], [116.7149493, -1.1305582], [116.7147186, -1.1306708], [116.7145255, -1.1307379], [116.7141741, -1.1307969], [116.7139462, -1.131057], [116.7138845, -1.1312259], [116.7136699, -1.1313144], [116.7135304, -1.1314217], [116.7133266, -1.1315906], [116.7132139, -1.131714], [116.7131925, -1.1319044], [116.7131871, -1.1320492], [116.7131147, -1.1324381], [116.7129511, -1.1328269], [116.7128196, -1.1329395], [116.7125809, -1.1330522], [116.712487, -1.1332023], [116.7124602, -1.1333686], [116.712361, -1.1335], [116.7123985, -1.1336207], [116.7122242, -1.1337333], [116.712141, -1.1338352]]], [[[116.714319, -1.1261629], [116.714378, -1.1262863], [116.7144799, -1.1262916], [116.7145792, -1.1260985], [116.7145711, -1.1260181], [116.7145336, -1.1259511], [116.7144692, -1.1259564], [116.7144182, -1.1260422], [116.7143914, -1.1260315], [116.7143244, -1.1260449], [116.714319, -1.1261629]]], [[[116.7143404, -1.1143018], [116.7143941, -1.1144841], [116.7144692, -1.1146879], [116.7145604, -1.1149132], [116.714673, -1.1151921], [116.7147106, -1.1153315], [116.7147589, -1.1155327], [116.7148018, -1.1156346], [116.7148447, -1.1156882], [116.7149064, -1.1157284], [116.7150593, -1.1157794], [116.7155528, -1.1158974], [116.7157352, -1.1159537], [116.7159712, -1.1160288], [116.7161992, -1.1161039], [116.7163333, -1.116179], [116.7164004, -1.1162648], [116.7164379, -1.1163399], [116.7164648, -1.116431], [116.7164701, -1.1165168], [116.716446, -1.116608], [116.7164064, -1.1166905], [116.7163306, -1.1168172], [116.716218, -1.1169754], [116.7160571, -1.1171605], [116.7158908, -1.1173535], [116.7158613, -1.1174259], [116.7158613, -1.1174983], [116.7158908, -1.1176539], [116.7159229, -1.1177907], [116.7159873, -1.1179891], [116.7160705, -1.1181983], [116.7161617, -1.1183779], [116.7163494, -1.118681], [116.7165211, -1.1190457], [116.7166713, -1.1193594], [116.7167491, -1.1195123], [116.7168, -1.1195874], [116.7168644, -1.1196437], [116.7169234, -1.1196786], [116.7169824, -1.1197], [116.7170414, -1.1197027], [116.7171058, -1.1196866], [116.7172238, -1.1196196], [116.7173633, -1.1195525], [116.7174196, -1.1195472], [116.7174813, -1.1195472], [116.7175725, -1.1195606], [116.7176154, -1.1195874], [116.7176396, -1.1196383], [116.7176396, -1.1197107], [116.7176235, -1.1198127], [116.7175832, -1.1199521], [116.7174625, -1.1203544], [116.7174196, -1.1204402], [116.7173633, -1.1205126], [116.7172855, -1.1205635], [116.7172077, -1.120593], [116.7171514, -1.1206252], [116.7171259, -1.1206453], [116.7171031, -1.1206788], [116.7170884, -1.1207298], [116.7170736, -1.1208518], [116.7170951, -1.1214109], [116.7171058, -1.1216952], [116.7171058, -1.1219366], [116.7171246, -1.1222315], [116.7171085, -1.1225668], [116.7171056, -1.1226545], [116.7170951, -1.122969], [116.7170709, -1.1231031], [116.7169932, -1.1233847], [116.7169341, -1.123626], [116.7168751, -1.1238191], [116.7168188, -1.1239532], [116.716733, -1.1241262], [116.7166378, -1.1242334], [116.7165989, -1.1243005], [116.7165747, -1.1243581], [116.7165667, -1.1244372], [116.7165788, -1.1245043], [116.7166056, -1.1245619], [116.7166378, -1.1245968], [116.7166954, -1.1246183], [116.7167343, -1.1246196], [116.7167799, -1.1246062], [116.7168738, -1.1245767], [116.7169422, -1.1245539], [116.7169878, -1.1245472], [116.7170361, -1.1245552], [116.7171018, -1.1245794], [116.7172064, -1.124637], [116.7176101, -1.1248676], [116.7177777, -1.1249401], [116.7178622, -1.1249763], [116.7179373, -1.1250272], [116.7179735, -1.1250795], [116.7179923, -1.1251479], [116.7179936, -1.125227], [116.7179856, -1.1253611], [116.7179797, -1.1254415], [116.7179735, -1.1255247], [116.7179842, -1.1255783], [116.7180057, -1.125636], [116.7181009, -1.125766], [116.7181666, -1.1258532], [116.7181908, -1.1259283], [116.7181934, -1.1260114], [116.7181854, -1.1261093], [116.7181706, -1.1261937], [116.7181706, -1.1262541], [116.7181934, -1.1263064], [116.7182243, -1.1263386], [116.7183356, -1.1263935], [116.718526, -1.1264793], [116.7186494, -1.1265263], [116.7187366, -1.1265477], [116.7188117, -1.1265719], [116.718891, -1.1265926], [116.7190477, -1.1266335], [116.7190737, -1.1266405], [116.7191966, -1.1266738], [116.719265, -1.1266979], [116.7193052, -1.1267301], [116.719326, -1.1267569], [116.7193562, -1.1267958], [116.7194063, -1.1268816], [116.7194313, -1.1269245], [116.7194755, -1.1269848], [116.7195305, -1.1270452], [116.7195882, -1.1270894], [116.7197129, -1.1271739], [116.7198229, -1.1272892], [116.719898, -1.1273992], [116.7199355, -1.1275064], [116.7199543, -1.1276217], [116.7199784, -1.1277719], [116.7199865, -1.1278899], [116.720016, -1.1279489], [116.7200562, -1.1279811], [116.720134, -1.1280267], [116.7202708, -1.128083], [116.7206034, -1.1282037], [116.7209199, -1.1283351], [116.7211586, -1.1284423], [116.7214832, -1.1286327], [116.721687, -1.1287266], [116.7218479, -1.1287856], [116.7220196, -1.1288258], [116.7222396, -1.1288607], [116.7223817, -1.1288955], [116.7224729, -1.1289519], [116.7225426, -1.129035], [116.7226016, -1.1291315], [116.7226902, -1.1293488], [116.7227733, -1.1295016], [116.7228161, -1.1295515], [116.7228699, -1.1296142], [116.7229879, -1.1297483], [116.7231515, -1.1298824], [116.7233098, -1.1299789], [116.723637, -1.1301693], [116.723747, -1.1302578], [116.7238073, -1.1303289], [116.7238797, -1.1304201], [116.7239843, -1.1305636], [116.7240594, -1.1306588], [116.7241654, -1.1308277], [116.7242137, -1.1309323], [116.7242512, -1.1309966], [116.7243049, -1.1310597], [116.724337, -1.1310825], [116.724388, -1.1310945], [116.7245463, -1.1311254], [116.7246602, -1.1311656], [116.7247219, -1.1312072], [116.7247635, -1.1312635], [116.7248104, -1.1313654], [116.7248788, -1.1315719], [116.724907, -1.1316832], [116.7249231, -1.1318132], [116.7249486, -1.1319607], [116.7249741, -1.1320532], [116.7250116, -1.132123], [116.7250666, -1.1322047], [116.7254113, -1.1325963], [116.7254944, -1.132733], [116.7255454, -1.1328537], [116.7255642, -1.1329704], [116.7255722, -1.1331125], [116.7255896, -1.1332023], [116.7256393, -1.1332761], [116.7256969, -1.1333378], [116.7257519, -1.133386], [116.726114, -1.1336395], [116.7262897, -1.1337521], [116.7263862, -1.1337896], [116.7264748, -1.1338178], [116.7266437, -1.1338406], [116.7267752, -1.13385], [116.7269012, -1.13385], [116.7269991, -1.1338352], [116.7270957, -1.1338097], [116.7272875, -1.1337709], [116.7274068, -1.1337561], [116.7275007, -1.1337253], [116.7275664, -1.1336958], [116.7276134, -1.1336462], [116.7276536, -1.1335872], [116.7277059, -1.1335148], [116.7277595, -1.1334678], [116.7278118, -1.1334343], [116.7279366, -1.133382], [116.7280076, -1.1333284], [116.7280519, -1.1332788], [116.7281297, -1.1331809], [116.7282209, -1.1330897], [116.7283, -1.1330133], [116.7284542, -1.1328792], [116.7285696, -1.1327894], [116.7286299, -1.1327183], [116.7286608, -1.13267], [116.7286889, -1.1325923], [116.7287064, -1.1324944], [116.7287104, -1.1324045], [116.7287184, -1.132363], [116.7287385, -1.1323362], [116.7287788, -1.132312], [116.7289759, -1.1322342], [116.7291623, -1.132131], [116.7292884, -1.1320559], [116.7293917, -1.1319781], [116.7294882, -1.1318977], [116.7296049, -1.1317837], [116.7297336, -1.1316389], [116.729794, -1.1315813], [116.7298597, -1.1315102], [116.7299241, -1.1314137], [116.7300327, -1.1312554], [116.7301695, -1.1310503], [116.7302218, -1.1309564], [116.7302473, -1.1308746], [116.7302553, -1.1307969], [116.7302661, -1.1307245], [116.7302808, -1.1306869], [116.7303103, -1.130648], [116.7304458, -1.1305515], [116.7305732, -1.1304482], [116.730608, -1.1304013], [116.7306402, -1.1303168], [116.7306751, -1.1301908], [116.7307194, -1.1300889], [116.7308025, -1.1299495], [116.7308575, -1.1298207], [116.7309339, -1.1296223], [116.731009, -1.1293193], [116.7310399, -1.1291382], [116.7310667, -1.1290216], [116.7311177, -1.1288996], [116.7311871, -1.1287417], [116.7312102, -1.1286891], [116.7312943, -1.1285538], [116.7313403, -1.1284799], [116.7314288, -1.1283833], [116.7315763, -1.1282466], [116.7316863, -1.1281018], [116.731748, -1.1279891], [116.7317829, -1.1278685], [116.7318016, -1.1276512], [116.7318284, -1.1274635], [116.731866, -1.1271819], [116.7319062, -1.1270184], [116.7319518, -1.1268736], [116.7320082, -1.1267287], [116.7321825, -1.126415], [116.7322952, -1.1262782], [116.7323622, -1.1261736], [116.7323944, -1.1260851], [116.7324051, -1.12601], [116.7323944, -1.1258411], [116.7323327, -1.1255059], [116.7323032, -1.1253477], [116.7323032, -1.125235], [116.7323273, -1.1250902], [116.7323488, -1.1249883], [116.7323984, -1.1248314], [116.7324682, -1.1247027], [116.7325285, -1.1246022], [116.7325446, -1.1245445], [116.7325526, -1.1244842], [116.7325553, -1.1243863], [116.7325392, -1.1242911], [116.7325205, -1.12422], [116.732503, -1.1241771], [116.7324628, -1.1241007], [116.7324038, -1.1240068], [116.7323515, -1.1238861], [116.7323316, -1.1238252], [116.7323126, -1.1237668], [116.7322952, -1.1236984], [116.7322643, -1.1235442], [116.7322509, -1.1234638], [116.7322509, -1.1233927], [116.7322576, -1.123331], [116.732275, -1.1232814], [116.7323139, -1.1232318], [116.7323649, -1.1231648], [116.7323863, -1.1231205], [116.7324118, -1.1230535], [116.7324199, -1.1229811], [116.7324132, -1.1229355], [116.7323998, -1.1228899], [116.7323595, -1.1228162], [116.7323233, -1.1227464], [116.7323139, -1.1227008], [116.7323153, -1.1226499], [116.7323314, -1.1225735], [116.7324226, -1.122261], [116.732448, -1.1221243], [116.7324574, -1.1220519], [116.7324547, -1.1219728], [116.7324427, -1.1218843], [116.7324239, -1.1218212], [116.7323944, -1.1217596], [116.7323609, -1.1216979], [116.7323139, -1.1215906], [116.7321959, -1.121238], [116.7321557, -1.1210932], [116.7321128, -1.1209685], [116.7320739, -1.120884], [116.7320216, -1.1207915], [116.7319706, -1.1207459], [116.7318812, -1.1206884], [116.7318204, -1.1206493], [116.7317373, -1.1205635], [116.731689, -1.1205019], [116.7316622, -1.1204375], [116.7316461, -1.1203396], [116.7316554, -1.1202766], [116.7316742, -1.1202323], [116.7317185, -1.1201841], [116.7317882, -1.1201318], [116.7318298, -1.1200781], [116.7318539, -1.1200245], [116.731862, -1.1199615], [116.7318593, -1.1199052], [116.7318419, -1.1198475], [116.7318097, -1.1197778], [116.7317829, -1.1197054], [116.7317829, -1.1196665], [116.7317976, -1.1196115], [116.7318325, -1.1195498], [116.7318754, -1.119456], [116.7318928, -1.119401], [116.7319089, -1.1193246], [116.7319143, -1.1192468], [116.731921, -1.1191677], [116.7319371, -1.1190752], [116.7319679, -1.1189854], [116.7320095, -1.1188955], [116.7320484, -1.1188043], [116.732094, -1.1186917], [116.7321248, -1.1185791], [116.7321691, -1.1183619], [116.7321905, -1.1182398], [116.7321986, -1.1181621], [116.7322053, -1.118083], [116.7321973, -1.1180065], [116.7321771, -1.1179194], [116.732157, -1.1178416], [116.7321329, -1.1177732], [116.732102, -1.1177048], [116.7320698, -1.1176405], [116.7320216, -1.1175882], [116.7319331, -1.1175131], [116.7318647, -1.1174689], [116.7317507, -1.1174286], [116.7316769, -1.1174166], [116.7315951, -1.1174099], [116.7315173, -1.1174112], [116.7312773, -1.1174373], [116.7311807, -1.1174474], [116.7311157, -1.1174474], [116.7310687, -1.1174414], [116.7310352, -1.1174253], [116.7309822, -1.1173864], [116.7307784, -1.1171913], [116.7306738, -1.117088], [116.730541, -1.1169781], [116.7304766, -1.1169084], [116.7304189, -1.1168092], [116.7303841, -1.116726], [116.7303559, -1.1166228], [116.7303318, -1.1165128], [116.7303117, -1.1164619], [116.7302755, -1.116423], [116.7302057, -1.1163854], [116.7300287, -1.1163144], [116.7299321, -1.1162594], [116.7298302, -1.1161749], [116.7297578, -1.1161025], [116.7297095, -1.1160422], [116.7296666, -1.1159644], [116.7296277, -1.1158357], [116.7296183, -1.1157177], [116.7295995, -1.1154562], [116.7295808, -1.1151076], [116.7295808, -1.1150084], [116.7295754, -1.1149574], [116.7295633, -1.1149253], [116.7295325, -1.1148984], [116.7294949, -1.1148783], [116.7294547, -1.1148703], [116.729338, -1.1148689], [116.7292951, -1.1148663], [116.7292334, -1.1148448], [116.7291865, -1.1148059], [116.7291167, -1.1147375], [116.7290698, -1.1146906], [116.7290148, -1.1146584], [116.7289571, -1.1146397], [116.7288834, -1.1146249], [116.7287023, -1.1146061], [116.7285307, -1.1145726], [116.7283939, -1.1145324], [116.7283322, -1.1145096], [116.7282571, -1.1144761], [116.7282115, -1.1144439], [116.728186, -1.114409], [116.7281726, -1.1143661], [116.7281699, -1.1143058], [116.7281833, -1.1142387], [116.7282142, -1.1141717], [116.7282584, -1.11411], [116.7283013, -1.1140564], [116.7283389, -1.1139974], [116.728363, -1.1139424], [116.7283932, -1.113866], [116.7284187, -1.1137715], [116.7284355, -1.1137011], [116.7284502, -1.1136394], [116.7284569, -1.1135998], [116.7284569, -1.1135723], [116.7284515, -1.1135308], [116.7284448, -1.113445], [116.7284455, -1.1134067], [116.7284515, -1.1133551], [116.728469, -1.113268], [116.728473, -1.1132425], [116.7284757, -1.1131996], [116.728469, -1.1131325], [116.7284583, -1.1130239], [116.7284596, -1.1129381], [116.7285052, -1.1127343], [116.728532, -1.1126016], [116.7285843, -1.1124728], [116.7285991, -1.1124152], [116.7285977, -1.1123535], [116.7285803, -1.1122932], [116.7285045, -1.1121725], [116.7284831, -1.1121363], [116.7284616, -1.1121182], [116.7284415, -1.1121108], [116.7284153, -1.1121095], [116.7283992, -1.1121128], [116.7283791, -1.1121242], [116.7283335, -1.1121711], [116.728245, -1.112269], [116.7281458, -1.1123468], [116.7280304, -1.1124004], [116.7279191, -1.1124433], [116.7278226, -1.1124635], [116.7277381, -1.112493], [116.7276791, -1.1125211], [116.7276295, -1.1125573], [116.7275758, -1.112623], [116.7274927, -1.1127571], [116.7274229, -1.112855], [116.7273572, -1.1129435], [116.7272741, -1.1130186], [116.7271963, -1.113091], [116.7271587, -1.1131366], [116.7271198, -1.1132063], [116.7270702, -1.1133149], [116.7270179, -1.1134155], [116.726971, -1.1135026], [116.7269093, -1.1135844], [116.726857, -1.1136488], [116.7267792, -1.1137078], [116.7267175, -1.1137587], [116.7266384, -1.1138486], [116.7264318, -1.1140738], [116.7260684, -1.1143822], [116.7257908, -1.1146075], [116.7256969, -1.1146839], [116.7256097, -1.1147603], [116.7255548, -1.1148274], [116.725473, -1.1149306], [116.725418, -1.1150057], [116.7252463, -1.1152269], [116.725127, -1.1153476], [116.7250076, -1.1154777], [116.7249566, -1.1155206], [116.7248735, -1.1155608], [116.7246898, -1.1156064], [116.7245838, -1.1156319], [116.7244725, -1.1156815], [116.7243853, -1.1157365], [116.7243612, -1.1157619], [116.7243451, -1.1158062], [116.7243411, -1.1158571], [116.7243411, -1.1159564], [116.7243236, -1.1160194], [116.7242914, -1.1160569], [116.7242432, -1.1160905], [116.7241721, -1.1161186], [116.7240903, -1.1161508], [116.7239736, -1.1162152], [116.7238972, -1.1162514], [116.7238127, -1.1162648], [116.7237322, -1.1162527], [116.723645, -1.1162071], [116.7236182, -1.1161803], [116.7236008, -1.1161468], [116.7235766, -1.116077], [116.7235766, -1.1159886], [116.7235941, -1.1159027], [116.7236692, -1.1157982], [116.7237054, -1.1157311], [116.7237295, -1.1156681], [116.7237335, -1.1156238], [116.7237335, -1.1155809], [116.7237134, -1.1155139], [116.7236866, -1.1154589], [116.7236544, -1.1153972], [116.7236303, -1.1153221], [116.7236182, -1.1152042], [116.7235941, -1.1150419], [116.7235726, -1.1149172], [116.7235538, -1.114822], [116.7235552, -1.1147308], [116.7235713, -1.1146383], [116.7235981, -1.1145579], [116.7236705, -1.1143836], [116.7237094, -1.1142736], [116.7237443, -1.1142039], [116.7237952, -1.1141409], [116.7238569, -1.1140685], [116.7240326, -1.1138553], [116.724097, -1.1137306], [116.724164, -1.1135965], [116.7242002, -1.1135321], [116.7242955, -1.1133846], [116.7243109, -1.1133558], [116.7243256, -1.113331], [116.7243397, -1.1133055], [116.7243458, -1.1132874], [116.7243481, -1.1132737], [116.7243484, -1.1132626], [116.7243444, -1.1132505], [116.7243323, -1.1132385], [116.7243142, -1.1132318], [116.7242921, -1.1132298], [116.7242613, -1.1132311], [116.724217, -1.1132378], [116.7241573, -1.1132519], [116.7240715, -1.1132747], [116.7239951, -1.1132988], [116.7238837, -1.1133632], [116.7238502, -1.1133806], [116.7237952, -1.1133819], [116.7237282, -1.1133685], [116.7236531, -1.1133323], [116.7235972, -1.1132896], [116.723476, -1.1131969], [116.7230375, -1.1128617], [116.7229463, -1.1128054], [116.7228645, -1.1127799], [116.7227425, -1.1127584], [116.7226586, -1.1127461], [116.7225963, -1.112737], [116.7225239, -1.1127196], [116.72243, -1.112678], [116.7222838, -1.1125882], [116.7222221, -1.1125627], [116.722143, -1.1125466], [116.7219941, -1.1125332], [116.7219298, -1.1125332], [116.7218453, -1.1125278], [116.7217755, -1.1125144], [116.7217004, -1.1124608], [116.7216521, -1.1123884], [116.7215757, -1.112206], [116.7215221, -1.1120934], [116.7214765, -1.1120237], [116.7214121, -1.11197], [116.7212941, -1.1119124], [116.7205203, -1.1116268], [116.7204612, -1.1115906], [116.7203861, -1.1115275], [116.7201729, -1.1113197], [116.7200938, -1.1112446], [116.7200361, -1.1111789], [116.7200066, -1.111128], [116.7199677, -1.111069], [116.7199087, -1.1110086], [116.7198014, -1.1109389], [116.7196915, -1.1108839], [116.7195091, -1.1108008], [116.719434, -1.1107646], [116.7193709, -1.110715], [116.7193106, -1.110652], [116.7192422, -1.1105635], [116.7191644, -1.1104616], [116.7191175, -1.1104106], [116.7190397, -1.1103449], [116.7188734, -1.1102189], [116.7187889, -1.1101719], [116.7187017, -1.1101344], [116.7185636, -1.1101022], [116.7184268, -1.1100875], [116.7182846, -1.1100875], [116.7180178, -1.1100875], [116.7178126, -1.1100901], [116.717716, -1.1100982], [116.7176168, -1.110117], [116.7175323, -1.1101478], [116.7174478, -1.110184], [116.7173687, -1.1102269], [116.7173083, -1.1102497], [116.7172627, -1.1102497], [116.717189, -1.1102363], [116.7171071, -1.1102242], [116.7170267, -1.1102189], [116.7169744, -1.1102216], [116.7169288, -1.1102296], [116.7168711, -1.1102484], [116.7167893, -1.1102899], [116.7166391, -1.1103623], [116.7165104, -1.1104321], [116.7164312, -1.1104803], [116.716387, -1.1105192], [116.7163521, -1.1105608], [116.7163186, -1.1106278], [116.7162783, -1.110719], [116.7162502, -1.110778], [116.7162274, -1.1108048], [116.7161831, -1.1108437], [116.7161322, -1.1108786], [116.7160919, -1.1109242], [116.7160597, -1.1109751], [116.7160302, -1.1110515], [116.7160101, -1.1111239], [116.7159753, -1.111195], [116.715927, -1.1112728], [116.7158398, -1.1113747], [116.7156923, -1.1115436], [116.7156078, -1.1116388], [116.7155099, -1.1117622], [116.7152108, -1.1121939], [116.7150365, -1.11245], [116.7149933, -1.1125124], [116.7149104, -1.1126324], [116.7148393, -1.1127477], [116.7147884, -1.1128483], [116.7147307, -1.1129381], [116.7146167, -1.1130735], [116.7145738, -1.1131205], [116.7145443, -1.113162], [116.7145215, -1.1132157], [116.7145067, -1.1132867], [116.714488, -1.1134356], [116.7144611, -1.1136045], [116.7144021, -1.1138325], [116.7143731, -1.1139684], [116.7143512, -1.1140711], [116.7143404, -1.1143018]]], [[[116.7145228, -1.1283726], [116.7145336, -1.1284611], [116.7146516, -1.1284209], [116.7147589, -1.128319], [116.7148635, -1.1281608], [116.7149278, -1.1280079], [116.7149466, -1.1279301], [116.7148742, -1.1279328], [116.7147347, -1.127973], [116.7146006, -1.1280776], [116.7145497, -1.1282519], [116.7145228, -1.1283726]]], [[[116.7152524, -1.127139], [116.7153838, -1.1271498], [116.7155528, -1.1269325], [116.7156601, -1.1267931], [116.715754, -1.1265625], [116.7158854, -1.1263399], [116.7159229, -1.1262165], [116.7159256, -1.1260637], [116.7159069, -1.1259993], [116.7158613, -1.126002], [116.7158264, -1.1260825], [116.7156896, -1.1262648], [116.7155796, -1.1263989], [116.7154509, -1.1265249], [116.7153811, -1.1266402], [116.715365, -1.126769], [116.7153114, -1.1269057], [116.7152765, -1.1270425], [116.7152524, -1.127139]]], [[[116.7239562, -1.0899947], [116.7240635, -1.0912229], [116.7241211, -1.0918773], [116.7242137, -1.0925799], [116.7242673, -1.0927207], [116.7243424, -1.0928427], [116.7244054, -1.0929822], [116.7244175, -1.093135], [116.7244269, -1.0931833], [116.724443, -1.0932007], [116.7244735, -1.0932104], [116.7245087, -1.0932208], [116.7246978, -1.0932423], [116.7249043, -1.0932342], [116.725245, -1.0930559], [116.725422, -1.0929433], [116.7254944, -1.0928829], [116.7255628, -1.0927596], [116.7256004, -1.0926376], [116.7256433, -1.0925584], [116.7257063, -1.0924994], [116.725823, -1.0924297], [116.7260121, -1.0923292], [116.7261355, -1.0922876], [116.7262682, -1.0922474], [116.7263876, -1.0921857], [116.7270112, -1.0916547], [116.7273706, -1.0913114], [116.72773, -1.0908824], [116.7278776, -1.0905686], [116.7280412, -1.0902012], [116.7283952, -1.0888469], [116.7286929, -1.0875141], [116.72876, -1.0871065], [116.7288217, -1.0866667], [116.728811, -1.0864548], [116.72876, -1.0861196], [116.7286152, -1.08524], [116.7284355, -1.0841003], [116.7283604, -1.0838402], [116.7282987, -1.0837248], [116.7280404, -1.0832947], [116.7277434, -1.0828238], [116.7275254, -1.0823164], [116.7274913, -1.0820514], [116.727502, -1.0818342], [116.7275369, -1.0815982], [116.7275611, -1.0813247], [116.7275718, -1.0810082], [116.727534, -1.0809605], [116.7274189, -1.080909], [116.7272928, -1.0808983], [116.7271477, -1.0809519], [116.7269334, -1.0810672], [116.7267939, -1.0812067], [116.7263138, -1.0820756], [116.7259946, -1.0831215], [116.7258686, -1.0835773], [116.7257479, -1.0839528], [116.7254046, -1.0849155], [116.7252383, -1.085299], [116.7250535, -1.0856117], [116.7247555, -1.086066], [116.7246844, -1.0862038], [116.7245033, -1.0867686], [116.7244309, -1.0871628], [116.7244095, -1.0873184], [116.7242995, -1.0876214], [116.7241707, -1.087903], [116.7241251, -1.0880826], [116.7239991, -1.088804], [116.7239562, -1.0899947]]], [[[116.7255682, -1.1114377], [116.7255896, -1.1116201], [116.7258203, -1.1114109], [116.7260724, -1.1111749], [116.7264104, -1.1107405], [116.7266142, -1.1104723], [116.7266411, -1.110011], [116.7267215, -1.1098287], [116.7267537, -1.1097107], [116.726684, -1.1096141], [116.7264372, -1.109759], [116.726346, -1.1100861], [116.7262065, -1.1104026], [116.7259973, -1.1107244], [116.7257827, -1.1112232], [116.7255682, -1.1114377]]], [[[116.7359483, -1.0246726], [116.7359537, -1.0251553], [116.7360824, -1.0257239], [116.7363024, -1.0260725], [116.7368066, -1.026582], [116.7373162, -1.0268931], [116.7378634, -1.0271023], [116.7384803, -1.027113], [116.7391026, -1.0270433], [116.7397141, -1.0269038], [116.7401916, -1.0266947], [116.7410231, -1.0262173], [116.7413878, -1.0258794], [116.7416829, -1.0254825], [116.7419404, -1.0252197], [116.7421335, -1.0250534], [116.7424178, -1.0248281], [116.7428309, -1.0246887], [116.7432493, -1.0246082], [116.7435417, -1.0245305], [116.7438635, -1.0243937], [116.7440888, -1.024273], [116.74429, -1.0242033], [116.744467, -1.0241899], [116.744577, -1.0242113], [116.7446896, -1.0242757], [116.7447835, -1.0243856], [116.7448586, -1.0246136], [116.7448908, -1.0248335], [116.7449015, -1.0250963], [116.7448805, -1.0251878], [116.7447942, -1.0255629], [116.7447406, -1.0258848], [116.7447245, -1.0261476], [116.7447916, -1.0264292], [116.7448881, -1.0265713], [116.7450249, -1.0266947], [116.7452341, -1.0268019], [116.7453575, -1.0268234], [116.7454648, -1.0267751], [116.7455989, -1.0266223], [116.7457545, -1.0263997], [116.7461729, -1.0256219], [116.7465377, -1.0246887], [116.7468113, -1.023911], [116.7469293, -1.0234443], [116.7470366, -1.0229294], [116.7471599, -1.0216207], [116.7472136, -1.020489], [116.7472297, -1.0194592], [116.7472404, -1.017716], [116.7472833, -1.0170778], [116.7473906, -1.0167345], [116.7474925, -1.0163135], [116.7474791, -1.0159997], [116.7474094, -1.0157369], [116.7473102, -1.0155438], [116.7471962, -1.0154178], [116.7470889, -1.0153735], [116.7469588, -1.0153909], [116.746877, -1.0154298], [116.7467684, -1.0155143], [116.7465994, -1.0156698], [116.7461353, -1.0161284], [116.7458135, -1.0164127], [116.7450142, -1.0170188], [116.7443114, -1.017582], [116.7428845, -1.01866], [116.7412966, -1.0197649], [116.7396337, -1.020784], [116.7380512, -1.0217495], [116.7372304, -1.0222965], [116.7367154, -1.0228061], [116.7364231, -1.0232218], [116.7362058, -1.0236911], [116.7360234, -1.0242274], [116.7359483, -1.0246726]]], [[[116.7370963, -1.1438379], [116.7371365, -1.1441463], [116.7372411, -1.144452], [116.7374772, -1.1452538], [116.7376676, -1.14564], [116.7379868, -1.1462728], [116.7382872, -1.1467234], [116.7384025, -1.1468816], [116.7386131, -1.1471578], [116.7387083, -1.1472463], [116.7390221, -1.1475305], [116.7393427, -1.147851], [116.7395586, -1.1480052], [116.7398871, -1.1482184], [116.740386, -1.1484463], [116.7408581, -1.1486756], [116.7409976, -1.1487976], [116.741062, -1.1488794], [116.7410982, -1.1489599], [116.7411411, -1.1490242], [116.7412873, -1.1491597], [116.7414039, -1.1492307], [116.7415421, -1.1492575], [116.7416225, -1.1492991], [116.7416614, -1.149346], [116.741703, -1.1494506], [116.741766, -1.1495391], [116.7419417, -1.1497121], [116.7421898, -1.1499065], [116.7424889, -1.1501505], [116.7427826, -1.1503262], [116.7431769, -1.1504951], [116.7433244, -1.1505421], [116.7436597, -1.1506949], [116.7439131, -1.1507794], [116.7440097, -1.1508075], [116.7440794, -1.1508598], [116.7441022, -1.1509215], [116.7441264, -1.151014], [116.74418, -1.1510529], [116.7442417, -1.1510784], [116.7445341, -1.1511401], [116.7448761, -1.151183], [116.7449605, -1.1511803], [116.7450638, -1.1511495], [116.7452529, -1.1510556], [116.7455855, -1.1509188], [116.7456633, -1.1508813], [116.7457357, -1.1508652], [116.7457867, -1.1508679], [116.7459624, -1.1509939], [116.7460334, -1.151061], [116.7460696, -1.1510663], [116.7461112, -1.1510556], [116.7461608, -1.1510181], [116.7461729, -1.1509658], [116.7461595, -1.1508893], [116.7460388, -1.1506869], [116.7460227, -1.1506238], [116.7460334, -1.150534], [116.7462265, -1.1500996], [116.7463338, -1.1498153], [116.7463741, -1.1495981], [116.7463446, -1.1491208], [116.7464411, -1.1487453], [116.7464733, -1.1485147], [116.746535, -1.1481822], [116.7465967, -1.1478014], [116.7466557, -1.1474903], [116.7466584, -1.147139], [116.7466503, -1.146954], [116.7465967, -1.1465303], [116.7465243, -1.1463372], [116.7463794, -1.1460932], [116.7461649, -1.1457848], [116.7459691, -1.1455059], [116.7455962, -1.1450098], [116.7453226, -1.1447067], [116.7450035, -1.1443581], [116.7447138, -1.144047], [116.7443275, -1.1438271], [116.7440298, -1.1437065], [116.7436731, -1.1436394], [116.7431742, -1.1435697], [116.7428309, -1.1435483], [116.7425036, -1.1435188], [116.7421898, -1.1434893], [116.7417419, -1.1434222], [116.7409158, -1.1432747], [116.7404062, -1.1433015], [116.7401634, -1.1433082], [116.7400213, -1.1433337], [116.7398778, -1.1434008], [116.7397624, -1.1434933], [116.739741, -1.1435442], [116.7397302, -1.1437521], [116.7397101, -1.1438727], [116.73969, -1.1439116], [116.7396525, -1.1439237], [116.7395747, -1.1438942], [116.7395331, -1.1438566], [116.7394567, -1.1437226], [116.7393681, -1.1435322], [116.7392287, -1.14339], [116.7391241, -1.1433284], [116.7390141, -1.1433096], [116.7386413, -1.1433096], [116.7383113, -1.1432667], [116.7379063, -1.143264], [116.7374557, -1.1432747], [116.7372733, -1.1432908], [116.7371768, -1.1433444], [116.7371178, -1.1434598], [116.7370963, -1.1436528], [116.7370963, -1.1438379]]], [[[116.7439869, -1.0268435], [116.7440097, -1.0268985], [116.7441009, -1.0270098], [116.7441626, -1.027117], [116.7442055, -1.0272645], [116.7441854, -1.0274764], [116.7442135, -1.0275662], [116.7442685, -1.0276279], [116.7443933, -1.027695], [116.7445086, -1.0277231], [116.7446789, -1.0277365], [116.7448479, -1.0277285], [116.744931, -1.0277151], [116.7450249, -1.0276762], [116.7451188, -1.0276118], [116.7451644, -1.0275354], [116.7451791, -1.0274], [116.7451429, -1.0271868], [116.7451014, -1.0270902], [116.7450155, -1.0269923], [116.7447238, -1.0267557], [116.7444804, -1.0265612], [116.7443866, -1.0264955], [116.7442947, -1.0264841], [116.7442263, -1.0264982], [116.7441425, -1.0265525], [116.7440922, -1.0265988], [116.7440191, -1.026692], [116.7439882, -1.0267644], [116.7439869, -1.0268435]]], [[[116.7460039, -1.1714188], [116.7463472, -1.1717888], [116.7465672, -1.1719497], [116.7466986, -1.1720355], [116.7468569, -1.1721106], [116.7470017, -1.1721079], [116.7471546, -1.1719819], [116.7473155, -1.1718586], [116.747396, -1.1717191], [116.7474523, -1.1715153], [116.7474389, -1.1713249], [116.7473423, -1.171164], [116.7472029, -1.1710192], [116.7470741, -1.170869], [116.7470071, -1.1707403], [116.7469346, -1.1705928], [116.7468971, -1.170515], [116.74683, -1.1704587], [116.746763, -1.1705043], [116.7465806, -1.1706277], [116.7464277, -1.17081], [116.7463124, -1.1709414], [116.7462051, -1.1710353], [116.7460951, -1.1711506], [116.7460147, -1.171282], [116.7460039, -1.1714188]]], [[[116.7463204, -1.1700887], [116.7464358, -1.1702227], [116.7465806, -1.1702362], [116.7466798, -1.1701879], [116.7467281, -1.1701208], [116.7467093, -1.1700136], [116.7466852, -1.1699787], [116.7466155, -1.1699546], [116.7465404, -1.1699894], [116.7464009, -1.1700216], [116.7463204, -1.1700887]]], [[[116.7464974, -1.1766641], [116.7465189, -1.1769537], [116.7465779, -1.1771494], [116.7466879, -1.1771387], [116.7469025, -1.1769912], [116.7470768, -1.1767955], [116.7472592, -1.1765514], [116.7474335, -1.176294], [116.7475757, -1.17605], [116.7478305, -1.1757577], [116.7479968, -1.1755753], [116.7481738, -1.1754654], [116.7484233, -1.1754627], [116.7486218, -1.1754815], [116.7497992, -1.1753769], [116.7501882, -1.175216], [116.7504323, -1.175098], [116.7507246, -1.1749317], [116.7509231, -1.1748164], [116.7509955, -1.1746662], [116.7509419, -1.1745161], [116.7509848, -1.1743847], [116.7511323, -1.1744142], [116.7512932, -1.1743605], [116.7512342, -1.1742881], [116.7510706, -1.174197], [116.7507702, -1.1740682], [116.7506549, -1.1740709], [116.7504725, -1.1741004], [116.7502525, -1.1740441], [116.7500755, -1.1741004], [116.7498395, -1.1741755], [116.7496356, -1.174264], [116.7494827, -1.174382], [116.7490885, -1.174626], [116.7489007, -1.1748057], [116.7484903, -1.1750122], [116.7482731, -1.1751382], [116.7479727, -1.175275], [116.7474389, -1.1756182], [116.7473263, -1.1756879], [116.747227, -1.1757684], [116.7471224, -1.1758408], [116.7470232, -1.1758783], [116.7469105, -1.1759132], [116.7467764, -1.1760634], [116.746594, -1.1762484], [116.7465189, -1.17642], [116.7464974, -1.1766641]]], [[[116.7470393, -1.1721938], [116.7471412, -1.1722957], [116.7473075, -1.1723386], [116.7476186, -1.1724405], [116.7478305, -1.1724619], [116.7480558, -1.17247], [116.7482704, -1.172478], [116.7488471, -1.1724887], [116.7489973, -1.1723707], [116.7491421, -1.1722796], [116.7492172, -1.1721643], [116.7492172, -1.1719363], [116.7490858, -1.1717513], [116.7488444, -1.1716682], [116.7485949, -1.1715448], [116.7483804, -1.1715126], [116.7482489, -1.1714644], [116.7481095, -1.1714295], [116.7479914, -1.1714778], [116.7478627, -1.1715153], [116.7477635, -1.171518], [116.747683, -1.1717325], [116.7475274, -1.1719176], [116.7474121, -1.1720329], [116.7473155, -1.1721374], [116.7472216, -1.1721428], [116.7471009, -1.1721455], [116.7470393, -1.1721938]]], [[[116.7534372, -1.1705761], [116.7535704, -1.1712766], [116.7535678, -1.1717003], [116.7535812, -1.171888], [116.7538621, -1.1723969], [116.7539486, -1.1725772], [116.7544395, -1.1729607], [116.7547935, -1.1730599], [116.7551368, -1.1732503], [116.7553166, -1.173422], [116.7555231, -1.1735078], [116.7555928, -1.173497], [116.7556787, -1.1733656], [116.7557538, -1.1732074], [116.7558852, -1.1730948], [116.7561293, -1.1728239], [116.7563143, -1.1725746], [116.7563385, -1.1724485], [116.7563787, -1.1722903], [116.7564592, -1.1721884], [116.7565938, -1.1720934], [116.7563063, -1.1709066], [116.7560515, -1.1703622], [116.7559415, -1.170153], [116.7558771, -1.169858], [116.7558047, -1.1695282], [116.7554533, -1.1690723], [116.7553434, -1.1686969], [116.7551208, -1.1683805], [116.7550161, -1.1681874], [116.7549008, -1.1679997], [116.7547345, -1.1678522], [116.7545012, -1.1678978], [116.7542893, -1.1680533], [116.7541656, -1.1687554], [116.7540237, -1.1691206], [116.7539057, -1.1692332], [116.7537609, -1.1693753], [116.7534372, -1.1705761]]]]}}]}